id,numero,familia,subfamilia,cuando_aplica,tipo,manual_ficha,tipificacion,causa_reclamo,proceso_resolucion,script_rrss,tiene_wizard
c1,1,Funcionamiento y Entorno de Local/CD,Juegos de azar,Cliente reclama que la agencia no le entrega el premio que ganó.,Reclamo,Agencia no paga premio (500509),500509,Agencia no paga premio,Crear un caso en HOLA,"Te comento que para poder cobrar el premio pendiente, debes dirigirte al local donde participaste en el juego de azar y solicitar que el personal SAC (Servicio de Atención al Cliente) te pueda apoyar con más información🤝.",0
c1,1,"Pagos, tarjetas y reembolsos",Compensación Mi Club,Cuando el cliente se comunique para solicitar mayor información por el estado de su compensación de pesos mi club.,Solicitud,Consulta por estado de compensación (500102),500102,Consulta por estado de compensación,Crear un caso en HOLA,"Compensación se envió a pagar:

Te comento que luego de revisar en sistema, tu compensación aparece como gestionada, y el monto estará visible en tu cuenta en 3 días hábiles🤝.

Compensación ya está transferida:

Te comento que tras revisar en sistema, visualizo que ya se procesó la carga, por lo que tu compensación ya está disponible en tu cuenta🙌.

Compensación no ha sido inyectada:

Indicación para el ejecutivo:

Aplica caso y script  RECLAMO <Devolución de Pesos Mi Club no abonada> (500108):",0
c1,1,Atención a clientes,Atención,Cliente entrega recomendación para mejorar el servicio o productos. No se debe usar para dejar registros de reclamos o felicitaciones.,Sugerencia,Sugerencias (1210000),1210000,Sugerencias,Cuando el cliente se comunique para emitir sugerencias referente a los locales o la atneción de los colaboradores.,"Gracias por tu comentario. Te comento que en Lider valoramos mucho a nuestros clientes y estamos abiertos a escuchar cualquier sugerencia que pueda ayudarnos a brindarles un mejor servicio. Para tenerlo en consideración, dejaré registro de lo que me acabas de indicar🖥️.",0
c2,2,Daños físicos y/o daños materiales,Daño físico,Cliente reclama haber sufrido un accidente que como consecuencia tiene un daño físico en su persona.,Reclamo,Accidente de cliente con daño físico (Caída/ Golpe/ Corte/ Quemadura) (161001)​,161001,Accidente de cliente con daño físico (Caída/ Golpe/ Corte/ Quemadura),"Crear un caso en HOLA 

Dejar todo el detalle que indica el cliente en la descripción del caso.","Espero que tengas una pronta recuperación🙌. Te comento que es necesario registrar lo sucedido. Por favor, ¿me podrías enviar tu Rut e indicar el local donde ocurrió el accidente para crear un caso en nuestro sistema? 🤔

(Respuesta cliente) 

Por favor, espérame un momento, ingresaré la información💻.

Indicación para el ejecutivo: Luego de ingresar la información responder a cliente lo siguiente:
De acuerdo a lo que me comentas, con todos los antecedentes disponibles, realizaré las gestiones correspondientes según nuestro protocolo interno.

Te estaremos contactando en un máximo de 2 semanas para responder a tu requerimiento🤝.",0
c2,2,Atención a clientes,Comunicación contact center,Cliente consulta por caso ya cerrado y se indica la respuesta o resolución de este. Si el caso consultado sigue abierto debes crear una insitencia,Consulta,"Consulta de resolución de caso cerrado 
(123093) - 
Revisar caso en HOLA",123093,Consulta de resolución caso cerrado,,"Si no tiene nada pendiente:

Gracias por la espera☺️. Revisé en nuestro sistema y actualmente no tienes casos abiertos que aparezcan pendientes☝️.

Caso abierto pendiente:

Gracias por la espera. Revisé en nuestro sistema y actualmente tienes el caso número XXXX abierto, que corresponde a *(MENCIONAR TIPO DE CAUSA)* ☝ y actualmente se encuentra en proceso de gestión. No te preocupes porque tenemos XXXX días  para resolver tu requerimiento y te avisaremos cuando tu caso haya finalizado🤝.

Caso cerrado:

Te informo que actualmente tu caso se encuentra cerrado y la resolución para este fue XXXX (DDD retiro de producto, etc)🤝.",0
c2,2,Sitios web y apps Walmart,Mi Cuenta,"Cliente solicita dar de baja su cuenta, ya sea Lider, Acuenta o Central Mayorista",Solicitud,"Eliminar Mi Cuenta Lider
(123085)",123085,Eliminar Mi Cuenta Lider APP,"Crear un caso en HOLA 

Eliminar cuenta - ServiceNow","Indicación para el ejecutivo: (Antes de pasar a eliminación de cuenta, consultar al cliente por qué quiere realizar la eliminación. Cualquier causa que esté relacionada a modificación de datos, debe ser gestionada por nuestro equipo)

Cliente hace alusión que no puede ingresar porque ya no tiene acceso al correo/no puede recuperar contraseña

Indicación para el ejecutivo: Dirigirse a script causa <Sitio web/App no me permite ingresar a Mi Cuenta> (10001010)

Cliente hace alusión que quiere crearse cuenta y rut ya está asociado

Indicación para el ejecutivo: Dirigirse a script causa <Sitio web/App indica que Mi Cuenta ya existe> (1000109)

Cliente quiere eliminar su cuenta:

Debo informarte que la eliminación de tu cuenta implica que al crearte otra nuevamente, pierdas el historial de tus compras ecommerce, no así tus pesos acumulados, ni dejarás de pertenecer al programa de Mi Club. Por lo tanto, si decides continuar con la solicitud, generaré un caso para su gestión. El plazo estimado de resolución es de 5 días🤝.",0
c3,3,Daños físicos y/o daños materiales,Daño material,Cliente reclama haber sufrido un incidente que tiene como consecuencia daños en sus pertenencias dentro de las instalaciones de Walmart.,Reclamo,Accidente de cliente con daño material (Daño a prendas/ Daño a accesorios/ Daño a Vehículo) (161002)​,161002,Accidente de cliente con daño material (Daño aprendas/ Daño a accesorios/ Daño a Vehículo)​,"Crear un caso en HOLA 

Dejar todo el detalle que indica el cliente en la descripción del caso.","Gracias por informarnos de lo sucedido. Te comento que es necesario registrar lo que indicas. Por favor, ¿me podrías enviar tu Rut e indicar el local donde ocurrió el accidente para crear un caso en nuestro sistema? 🙌

(Respuesta cliente) 

Por favor, espérame un momento, ingresaré la información💻.

Indicación para el ejecutivo: Luego de ingresar la información responder a cliente lo siguiente:

De acuerdo a lo que me comentas, con todos los antecedentes disponibles, realizaré las gestiones correspondientes de acuerdo a nuestro protocolo interno.

Le estaremos contactando en un máximo de 7 días hábiles🤝.",0
c3,3,"Pagos, tarjetas y reembolsos",Reembolso,Cliente desea conocer el estado de devolución de dinero el cual se encuentra dentro del plazo de reembolso o este ya está abonado en la cuenta,Consulta,Consulta estado Devolución de Dinero (190001),190001,Consulta estado devolución de dinero,"Ingresar a HOLA - ‘detalle de la compra’, - sección ‘Devoluciones de dinero’. - Estado de la devolución en la sección ‘Resumen de devoluciones’

*Si el monto de compra es menor a $1.000 se devolverá como pesos Mi club (excepto pagos con T Lider).","•DEVOLUCIONES OK:

Gracias por mantenerte en espera☺️. Luego de revisar tus datos en nuestro sistema, te comento que el estado de la devolución de tu dinero es: Realizada✅.

COMPRAS SOD, CATEX Y PUNTO DE COMPRA (PDC)

1.- Crédito y Débito (devolución es del tipo ‘Automático’):
La visualización de la devolución se mostrará en tu cuenta como “Lider.cl”🤝. (Si la devolución fue realizada a una tarjeta de débito de los bancos Indicar las glosas correspondientes a cada banco. Falabella, BancoEstado o BCI, la glosa será distinta)

**Recordatorio: Las glosas de estas entidades bancarias son las siguientes:
Banco Estado: “Regulariza compra nacional débito”
Banco Falabella: “Webpay”
Banco BCI: “Reversa de compra tarjeta de débito”

2.- Débito (devolución es del tipo ‘Manual’):
Te comento que la visualización de la devolución se mostrará en tu cuenta como “LATAM PAYMENT GROUP” o “PAGO PROVEEDORES 76.813.963-6”🤝.

3.- Crédito (devolución es de tipo """"Manual"""" Lider BCI y Transbank):
Te comento que la visualización de la devolución se mostrará descontado en el estado de cuenta de tu tarjeta.
En caso de PUNTO DE COMPRA, esta es vía transferencia a la cuenta bancaria registrada en tu cuenta💳. 

4.- Pesos mi club. (devolución es del tipo ‘Pesos Mi Club’):
Te comento que los $XXXXPesos Mi Club ya se encuentran abonados en tu cuenta y los puedes utilizar en cualquier local Lider, lider.cl  o LiderApp📲.

•DEVOLUCIÓN OK (SE VISUALIZA LA DEVOLUCIÓN EN HOLA (ESTADO REALIZADA):

Indicación para el ejecutivo: Han transcurrido 7 días hábiles desde la fecha de ingreso de la devolución y cliente insiste que su devolución NO está reflejada en su cuenta transcurrido 7 días hábiles.
Ingresar caso de <Devolución no abonada> revisa el script de no abonada""

•ESTADO DEVOLUCIÓN EN PROCESO 

1.- Dentro del plazo definido (estado ‘En Proceso’):

Gracias por mantenerte en espera. Luego de revisar tus datos en nuestro sistema, te comento que el estado de la devolución de tu dinero es: En Proceso, y la devolución de tu dinero se podrá ver reflejada dentro del día o en un plazo máximo de 7 días hábiles🤝.

2.- Fuera de plazo

Indicación para el ejecutivo: Ingresar caso de <Devolución no abonada>, con resolución <devolución de dinero>

Gracias por mantenerte en espera. Luego de revisar tus datos en nuestro sistema, veo que el estado de la devolución de tu dinero sigue en proceso, por lo que ingresaré otro caso para que sea abordado a la brevedad. El área especializada se pondrá en contacto contigo para entregar detalles de tu caso🤝.

•NO APLICA DEVOLUCIÓN DE DINERO (‘NO EXISTEN DEVOLUCIONES’):

Gracias por mantenerte en espera. Luego de revisar tus datos en nuestro sistema, te comento que el caso ingresado no aplicó para generar una devolución de dinero debido a (indicar lo que dice sistema)☝️.

•NO EXISTE CASO ASOCIADO NI DEVOLUCIÓN (‘NO EXISTEN DEVOLUCIONES’ - SIN CASO PREVIO)

Indicación para el ejecutivo: Ingresar caso de <Devolución no abonada> sólo, si el cliente NO ha recibido su devolución de dinero y esta corresponde a un ""Quiebre y/o sustitución de algún producto"":

Te comento que no se visualiza en nuestro sistema la información requerida. Es por eso que en base a lo que me mencionas, estoy ingresando un caso para su gestión.  La devolución de tu dinero se podrá ver reflejada dentro del día o en un plazo máximo de 7 días hábiles🤝.",0
c3,3,"Pagos, tarjetas y reembolsos","Boleta, factura y/o nota de crédito","Cliente solicita entregar/enviar documento tributario (boleta, factura o NC) asociado a la compra",Solicitud,"Envío de boleta, factura y/o nota de crédito 
(1200003)",1200003,"Envío de boleta, factura y/o nota de crédito","Crear un caso en HOLA 

Compra E-commerce: Resolución según correponda: ""Se envía documento al cliente"" / ""No se pudo enviar documento""","Entiendo🙌. Necesito que por favor me indiques, ¿la boleta que necesitas corresponde a una compra E-commerce o de sala?  🤔

(Respuesta cliente)  

Compra proviene de E-commerce:
Comprendo, ¿la compra realizada fue con despacho a domicilio (Home Delivery) o con retiro en tienda (Pickup)?  🧐

(Respuesta cliente)

¿Recuerdas la fecha de entrega de la compra y/o el retiro?🤔  

(Respuesta cliente)  

1- SE ENCONTRÓ LA BOLETA EN HOLA (SOD – CATEX - MKTP (en el escenario de MKTP es sólo para WFS (vendido por MKTP y entregado por Lider):
Te comento que encontré la boleta en el sistema🙌. Por favor, ¿me puedes confirmar su e-mail para hacer el envío de esta? 🧐 

(Respuesta cliente)  

Te informo que ya se realizó la actualización de tu e-mail en el sistema, junto con enviarte la boleta a tu correo🤝.  

2- NO ENCONTRÓ LA BOLETA EN HOLA (SOD – CATEX - MKTP (en el escenario de MKTP es sólo para WFS (vendido por MKTP y entregado por Lider):
Te comento que no encuentro la boleta en el sistema, por lo que debo registrar este caso para poder enviártela.  

Venta MKTP

1. Es vendido por MKTP y entregado por MKTP:
Te comento que la boleta de tu compra corresponde a productos adquiridos a través de nuestro Marketplace, un espacio virtual de venta de productos de terceros que se comercializa a través de nuestra plataforma web. Es importante informarte que las boletas asociadas a ventas a través de Marketplace siempre son enviadas por el proveedor del producto de forma física, junto al producto empacado. Debido a este motivo, no contamos con la boleta de esta compra en el sistema💻.   

2. Vendido por MKTP y enviado por Internacional:
Te comento que la boleta de tu compra corresponde a productos adquiridos a través de nuestro Marketplace Internacional, un espacio virtual de venta de productos de terceros que se comercializa a través de nuestra plataforma web. Es importante informarte que las boletas generadas por un seller que no se encuentra basado en Chile y las regulaciones de cada país pueden variar, la boleta no es válida en Chile🙌.  

1.Si cliente insiste en que su boleta no aparece o no venía con el producto, deberá realizar las siguientes preguntas:
Me podrías por favor confirmar, ¿para qué requieres la boleta?  🤔

(Respuesta cliente)  

 **Si cliente indica que necesita su boleta para poder hacer uso de garantías o solicitar devolución de dinero:
Te comento que para avanzar con tu solicitud no necesitas la boleta, solo entregar el número de orden de compra para que puedas gestionar lo solicitado🙌. 

(Respuesta cliente)  

**Seguir el procedimiento actual de MKTP “Proceso de devolución MKTP” y se realiza la gestión a través de módulo post venta, informarle lo siguiente:
Te comento que debo registrar este caso para gestionar el retiro de tu producto y la devolución de tu dinero. La devolución de tu dinero será abonada dentro de un plazo máximo de 7 días hábiles una vez realizado el retiro de tu producto desde el domicilio🤝. 

2. Si cliente insiste en que de todas formas él quiere su boleta, a pesar de las preguntas del ejecutivo
a. Es vendido por MKTP y entregado por MKTP:
Como te comenté, las boletas asociadas a ventas a través de Marketplace siempre las envía el proveedor de forma física junto al producto empacado. Debido a este motivo, no contamos con la boleta de esta compra en el sistema. Lo que sí puedo hacer es entregarte el número del proveedor para que puedas contactarlo directamente. Por favor, necesito saber el modelo y marca del producto para entregarte los datos correspondientes💻.   

b. Es vendido por MKTP y enviado por Internacional:
Como te comenté, la boleta de tu compra corresponde a productos adquiridos a través de nuestro Marketplace Internacional, por tanto, no contamos con ella en nuestros sistemas.  
De todas maneras, debo informarte que registraré este caso acerca de lo que revisamos durante esta atención💻. 

**Si cliente entrega información del producto y SI quiere contactar directo al seller nacional debemos buscar el número del seller, el cual se visualiza como “Local del vendedor es” En el PBI, buscar la información del seller en el “Buscador por Parner ID”, e indica al cliente el nombre de fantasía del Seller, correo y número de teléfono, ingresar el caso en HOLA con la siguiente causa “Envío de boleta, factura y/o nota de crédito” (1200003) y con la resolución: Se entrega datos del proveedor y/o seller al cliente:

a. APARECE LA INFORMACIÓN DEL SELLER/ PROVEEDOR, Cliente SI quiere contactarlo:
Te comento que el nombre del proveedor es XXXX, su correo es XXXX y su número de contacto es XXXXXXXX.    
De todas maneras, debo informarte que registraré este caso acerca de lo que revisamos durante esta atención💻. 

b. APARECE LA INFORMACIÓN DEL SELLER/ PROVEEDOR, pero cliente NO quiere contactarlo (Sólo aplica para Seller nacional) 
**Cliente NO quiere contactar directo al seller nacional, ya que para internacional no contamos con la boleta. Si es un seller nacional debemos buscar el número del seller, el cual se visualiza como “Local del vendedor es” En el PBI, buscar la información del seller en el “Buscador por Parner ID”, e indica al cliente el nombre de fantasía del Seller, correo y número de teléfono, ingresar el caso en HOLA con la siguiente causa “Envío de boleta, factura y/o nota de crédito” (1200003) y con la resolución: Cliente sólo desea gestión de Walmart:
Te comento que debo registrar este caso para que te podamos enviar la boleta. El plazo de resolución es de 3 días hábiles🤝. 

c. NO APARECE LA INFORMACIÓN DEL SELLER / PROVEEDOR (Sólo aplica para compras seller nacionales)
**En el caso que, un proveedor NO aparezca en el PBI, se deberá ingresar un caso en HOLA, con la causa: “Envío de boleta, factura y/o nota de crédito” (1200003) y con la resolución: “No se encuentra información del proveedor y/o seller”, y en la descripción del caso, deberá dejar la siguiente Glosa: No hay información del seller en el consolidado MKTP y continuar detallando “El nombre del proveedor es: xxxx”:
Te comento que no se encuentró la información del proveedor en nuestro sistema, dado lo anterior, debo registrar este caso para que te podamos enviar la boleta. El plazo de resolución es de 3 días hábiles🤝.",0
c4,4,Daños físicos y/o daños materiales,Daño físico,Cliente reclama haber sufrido daño o perjuicio producto del consumo o uso de un producto,Reclamo,Accidente de cliente posterior a la compra con daño físico (Elementos extraños en alimentos/ Intoxicación/ Fallas técnicas con daño) (161003),161003,Accidente de cliente posterior a la compra con daño físico (Elementos extraños en alimentos/ Intoxicación/ Fallas técnicas con daño),"Crear un caso en HOLA 

Dejar todo el detalle que indica el cliente en la descripción del caso.","Espero tengas una pronta recuperación. Te comento que es necesario registrar lo sucedido. Por favor, ¿me podrías enviar tu Rut e indicar el local donde ocurrió el accidente para crear un caso en el sistema?  🙌

(Respuesta cliente) 

Por favor, espérame un momento, ingresaré la información💻.

Indicación para el ejecutivo: Luego de ingresar la información responder a cliente lo siguiente:
Es importante mencionar que será necesaria la documentación médica que acredite el hecho que me estás indicando y así activar el protocolo interno.

Te estaremos contactando en un máximo de 7 días hábiles para informar el resultado de la investigación🤝.",0
c4,4,"Despacho, entrega y estado del pedido",Modificaciones en la entrega,Cuando el cliente se comunique para preguntar sobre la podibilidad de agregar productos una vez realizada la compra o cambiar el tipo de despacho.,Consulta,,123086,Consulta para agregar productos post-compra,,"Agregar productos post compra SOD:

Te comento que mediante correo o App se te informará si en la compra realizada podrás agregar más productos. También podrás revisar directamente en la página principal de tu LiderApp la existencia de un banner que indica “Agrega más productos a tu pedido” o en la sección de “Tus Pedidos”🤝. 
Si no visualizas lo indicado☝️, significa que tu compra ha avanzado y no podrás agregar más productos, por lo que te invito a generar una nueva compra con lo que necesites🛒.",0
c5,5,Sitios web y apps Walmart,Mi Cuenta,Cliente desea orientación para que el cliente autogestione la modificación de datos personales en la Web/App,Consulta,,123084,Consulta para modificar datos de Mi Cuenta,,"Me indicas por favor, ¿desde dónde estás tratando de modificar tus datos? ¿lider.cl o lider app?🤔

(Respuesta cliente)

Indicación para el ejecutivo: Agregar en la descripción del caso lo que indica el cliente.

Lider App:

Entiendo, debes dirigirte al ícono de Mi Cuenta ubicado en la parte superior derecha de la Lider App y después seleccionar ""Mis datos"". Ahí podrás modificar tu información personal como nombre, apellidos, teléfono, género y fecha de nacimiento, (no se puede modificar ni Rut, ni correo electrónico, en caso de querer modificar su correo deberás responder las preguntas de seguridad). Una vez realizado este paso, deberás hacer clic en ""Guardar mis datos"", para poder realizar la modificación☝️.
   
Lider.cl:
Para modificar tus datos desde Lider.cl☝️, debes iniciar sesión en tu cuenta mediante el icono de “ingresar a mi cuenta”, ubicado en la esquina superior derecha de la página. Luego, deberás seleccionar la opción “Mi Cuenta”, donde podrás ver las siguientes secciones para modificar👇:
""Medios de pago""💳: En esta sección podrás editar y guardar los medios de pagos que utilizas para poder realizar compras, es posible guardar hasta 24 tarjetas.
""Información personal""🪪: En esta sección podrás editar y guardar tus datos personales como: Nombre, teléfono y contraseña, RUT no puede modificarse.
""Mis direcciones""🏠: En esta sección podrás editar y guardar todas las direcciones que utilices para recibir compras, es posible guardar hasta 20 direcciones.
""Mis datos bancarios""💰: En esta sección podrás editar y guardar los datos bancarios en caso de un reembolso débito. Te recomiendo siempre tener tus datos bancarios actualizados en caso de tener que hacer una devolución de dinero.

Indicación para el ejecutivo: Si cliente hace alusión a que no puede ingresar a su cuenta o quiere recuperar contraseña, irse a <Web/App no permite ingresar a mi cuenta> (10001010)",0
c5,5,Producto,Garantía de satisfacción,"Cliente desea devolver el producto sin uso, ya que cuando lo recibió no le gustó/se arrepintió de la compra (Garantía de satisfacción o retracto)",Solicitud,,155121,Devolución de producto por arrepentimiento,"Crear un caso en HOLA

*Si el monto de compra es menor a $1.000 se devolverá como pesos Mi club (excepto pagos con T Lider).

*Alerta “En caso de Garantía Legal o de Satisfacción, debes derivar a este cliente a tienda para que pueda ejercer la garantía con el producto físico y el documento que acredite la entrega” sobre la información personal del cliente. Crear caso y en la “Resolución elegida por el cliente” seleccionar “Cliente derivado a local” e indicar al cliente que debe ir a local.","SOD

1.Dentro del periodo de garantía de satisfacción (30 días) - compra online

Monto a devolver es MAYOR a $15.000:*

Indicación para el ejecutivo: Debes crear caso con resolución ""cliente derivado a local"":

Te comento que  para gestionar tu caso, debes dirigirte al local más cercano con el producto junto con la boleta✅.

*Monto a devolver es MENOR O IGUAL a $15.000*

Indicación para el ejecutivo: En ese caso debes realizar la cancelación de el/los productos(s) en Excalibur. Apóyate con el siguiente documento (Anulado parcial en primer contacto -SOD)

¿Te permitió cancelar los productos en Excalibur?

NO se pudo cancelar en Excalibur el/los productos que el cliente reclamó:

Indicación para el ejecutivo: Deberás crear el caso según el requerimiento del cliente, en la descripción deberás agregar la siguiente glosa “Error en cancelar” seguido de lo mencionado por el cliente. Adicionalmente en la “Resolución elegida por el cliente” deberás seleccionar “Devolver dinero”:

Te comento que debo registrar este caso para poder gestionar la devolución de tu dinero, la cual se podrá ver reflejada dentro del día o un plazo máximo de 7 días hábiles🤝.
 
Se pudo cancelar en Excalibur el/los productos que el cliente reclamo (ANULACIÓN PARCIAL EN PRIMER CONTACTO):

Indicación para el ejecutivo: Una vez que se haya generado la anulación deberás generar la captura de la cancelación de Excalibur, posteriormente debes crear caso con la resolución “Producto/s anulado en primer contacto” y deberás adjuntar la captura de la cancelación realizada:

Te comento que realizaré la anulación de los productos que me indicaste del pedido con número XXXX✅. El monto a devolver es de $XXXX  y la devolución de tu dinero se podrá ver reflejada dentro del día o un plazo máximo de 7 días hábiles🤝.

2. Fuera de plazo periodo de garantía satisfacción (30 días) - no aplica para Devolución de dinero:
De acuerdo con lo que me indicas☝️, respecto a que ya no quieres o necesitas tu producto, te comento que este ya se encuentra fuera de la garantía satisfacción. De todas maneras, registraré tu solicitud y lo que acabo de revisar en nuestro sistema💻. 

3. Dentro del periodo de garantía de satisfación (30 días) - Compra local:
Comprendo🙌. Para poder realizar la devolución de dinero, debes dirigirte al local para solicitar lo que necesitas. De todas maneras, registraré tu solicitud y lo que acabo de revisar en nuestro sistema💻.

Indicación para el ejecutivo: Ingresar el caso con resolución ""Cliente derivado a local"".

CATEX Y PDC:

PEDIDO PUNTO DE COMPRA (PDC):

Indicación para el ejecutivo: Cuando el pedido corresponda a un Punto de Compra, se deberá gestionar el retiro del producto y una vez completado este proceso, se realizará la devolución del dinero.

a) Efectivo será al mismo medio de pago y tendrá que derivarse a local:

Adicionalmente, te comento que tu devolución será realizada al mismo medio de pago, por lo cual deberás dirigirte a local para tu devolución✅.

b) Tarjeta de Crédito y Tarjeta de Débito
(la devolución es al mismo medio de pago): 
Adicionalmente, te comento que tu devolución será realizada al mismo medio de pago que utilizaste✅.

c)Tarjeta lider BCI transferencia. 
Adicionalmente, te comento que tu devolución será realizada por transferencia, por lo que te recomiendo tener actualizados tus datos bancarios en tu cuenta Lider✅.

3. ECOMMERCE (CATEX)  - Fuera de plazo (30 días) - No aplica devolución:
De acuerdo con lo que me indicas, respecto a que ya no quieres o necesitas tu producto, te comento que este ya se encuentra fuera de plazo de la garantía de satisfacción. De todas maneras, registraré tu solicitud y lo que acabo de revisar en nuestro sistema💻.

4. ECOMMERCE (CATEX)- Dentro de Plazo DDD monto menor o igual a 15.000 (APLICA KIP):
De acuerdo con lo que me indicas, tu solicitud respecto a que ya no quieres o necesitas tu producto, te comento que debo registrar este caso para poder gestionar la devolución de tu dinero y se podrá ver reflejada dentro del día o en un plazo de 7 días hábiles🤝.

5. ECOMMERCE (CATEX ) - Dentro de Plazo DDD (NO APLICA KIP)

5.1. Producto Parcel:
Te informo que para proceder con la devolución de dinero, debes dirigirte a un punto autorizado por Lider con el producto☝️, el cual debe ser devuelto en perfectas condiciones, sin signos evidentes de uso, con todos sus embalajes originales, manuales, accesorios, junto a los regalos promocionales asociados a la compra. En caso de no cumplir con estas condiciones le será imposible aplicar este beneficio descrito en la cláusula🤝.

Indicación para el ejecutivo: Debes ingresar el caso con resolución ""Cliente derivado a local"".

5.2. Producto BIG:
Para poder realizar la devolución de tu dinero, registraré en nuestro sistema tu solicitud de garantía de satisfacción☝️, solicitando la devolución y el correspondiente retiro de tu producto.

Adicionalmente, necesito realizarte las siguientes preguntas: Me podrías indicar por favor, ¿en qué fecha podríamos ir a retirar el producto a tu domicilio?, ¿el producto se encuentra embalado?, ¿es su embalaje original? 🤔.

a. Si el cliente informa que el producto NO está embalado: 
Comprendo🙌, para poder gestionar el retiro de tu producto, es necesario que puedas embalarlo con el embalaje original, de lo contrario el Courier no podrá retirarlo🤝. 

b. Si el cliente informa que el producto NO está en su embalaje original:
Si el producto no se encuentra con su embalaje original, no se puede gestionar el retiro de tu producto🙌.

Indicación para el ejecutivo: Dejar una nota con esta información en el caso del cliente. 

c. El producto SI cuenta con su embalaje original:

Con la información entregada, te comento que tus datos han sido ingresados correctamente✅. Tu caso será gestionado dentro de los próximos 3 días hábiles. Además, te informo que la devolución de tu dinero será gestionada una vez realizado el retiro de tu producto desde el domicilio. Es importante recordarte que una vez se retire el producto desde tu domicilio, recibirás un correo con la información y respaldo del retiro. Además, si compraste a través de un Punto de Compra, este correo te servirá como documento para poder ir al local y solicitar la nota de crédito, si es que optaste por una Devolución de dinero🤝.

Indicación para el ejecutivo: Ingresar caso con resolución ""Devolver dinero"".

*SÓLO Alerta en HOLA para garantías SOD/CATEX y Punto de compra

Pickup/HD:

Te comento que para poder gestionar tu requerimiento, debes dirigirte al local donde retiraste o al local más cercano con el producto y la boleta que acredite la compra🤝. De todas maneras, debo informarte que registraré este caso acerca de lo que solicitaste durante esta atención💻.

6.- ECOMMERCE (MARKETPLACE)

Indicación para el ejecutivo: Si cliente manifiesta que desea la devolución del producto por cualquier causa de garantía (de Satisfacción/Legal) en productos vendidos por Marketplace y Marketplace Internacional, debes inicialmente identificar qué producto es, posteriormente validar tipo de entrega:

Indicación para el ejecutivo: *Debes validar la fecha de compra, cuidando los plazos de garantía*:

Revisé tu compra y el producto está próximo a vencer su garantía☝️ (de Satisfacción/Legal). Para poder ayudarte a tiempo, la alternativa más rápida es que acudas a locales Hiper Lider con el producto y boleta🤝.

Tipo de entrega Pickup: Para este tipo de compra la única opción que debemos indicar al cliente es < Realizar la entrega del producto en locales Hiper Lider >. *(Debes continuar la atención con las indicaciones detallados en la opción A)*.

Tipo de entrega HD:

CASO 1:

-Producto Parcel: (Producto pequeño, fácil de transportar y que se envíe por mensajería) y cuyo valor sea igual o menor a $125.000 a excepción de productos frágiles:
Para este tipo de productos, puedes elegir entre las 3 opciones disponibles para devolver el mismo👉: Realizar la entrega del producto en locales Hiper Lider, devolver el producto en Puntos BlueExpress COPEC, o solicitar el retiro en domicilio🚚. *(Debes continuar la atención con las indicaciones detalladas según la opción elegida por el cliente A, B o C)*.
 
CASO 2:
 
-Producto Parcel: (Producto pequeño, fácil de transportar y que se envíe por mensajería) y cuyo valor sea mayor a $125.000 incluyendo productos frágiles:
Para este tipo de productos, puedes elegir entre las 2 opciones disponibles para devolver el mismo👉: Realizar la entrega del producto en locales Hiper Lider o solicitar el retiro en domicilio🚚. *(Debes continuar la atención con las indicaciones detalladas según la opción elegida por el cliente A o C)*.
 
CASO 3:
 
-Producto BIG: Camas, colchones, refrigeradores, cocinas y lavadoras: Para este tipo de producto la única opción que debemos indicar al cliente es <Retiro en domicilio para su posterior devolución de dinero>. *(Debes continuar la atención con las indicaciones detallados en la opción C)*.

Opción elegida por el cliente:

A.- realizar entrega de producto en locales Hiper Lider:
Te comento que, de acuerdo con tu solicitud, puedes acercarte a cualquiera de nuestras tiendas HIPER LIDER y entregar el producto en el área de Servicio al Cliente☝️.  
Una vez realizada la entrega, se generará automáticamente la devolución del dinero al mismo medio de pago utilizado en tu compra🛍️. En la tienda se te entregará un comprobante con los detalles de la devolución🤝.

Indicación para el ejecutivo: Debes crear SÓLO el caso con la casuística de garantía (de Satisfacción/Legal) correctamente identificada. Recuerda seleccionar correctamente la resolución elegida por el cliente “Cliente derivado a local”.
 
B.-Devolución en Puntos BlueExpress COPEC:

Te comento que, voy a registrar el caso para que el área especializada se comunique contigo dentro de los próximos 3 días🗓️. Una vez te contacten, recibirás un correo con la etiqueta y las instrucciones para embalar el producto correctamente. Con el producto ya embalado según las indicaciones, podrás llevarlo a cualquier Punto BlueExpress COPEC habilitado para completar la devolución. Te recomiendo entregarlo directamente en el mesón del punto BlueExpress COPEC🤝.

Indicaciones para el ejecutivo: Si cliente solicita apoyo con la dirección del punto copec más cercano a su domicilio. Debes validar la información en el link: https://www.blue.cl/personas/puntos-de-entrega, completar los datos necesarios y filtrando en el campo “tipos de punto” eligiendo la opción: Puntos BlueExpress COPEC. Podrás obtener la respuesta para el cliente y entregar la dirección.
 
Te comento que, el plazo máximo para entregar el producto es de 3 días desde la emisión de la etiqueta☝️. Si se excede este tiempo, deberás volver a contactarnos🙌.

Indicación para el ejecutivo: Debes crear SÓLO el caso con la siguiente casuística ""Coordinación retiro/entrega de producto en domicilio/punto”. Recuerda seleccionar correctamente la resolución elegida por el cliente “Devolver en Punto BlueExpress”. Dirígete al final del Script para revisar todo el detalle necesario que requiere este caso.
 
C.-Retiro a domicilio:

Te comento que, de acuerdo con tu solicitud, voy a verificar en nuestro sistema una posible fecha de retiro🗓️. (Revisar Excel de coberturas Marketplace).
De acuerdo con la información que me entrega nuestro sistema, La fecha de retiro será el día👉 XX-XX-XXXX.  
Para que se ejecute el retiro, es necesario que me otorgues la siguiente información👇:

Indicación para el ejecutivo: Debes crear SÓLO el caso con la siguiente casuística ""Solicitud de retiro de producto - No alimentario (170020)"". Recuerda seleccionar correctamente la resolución elegida por el cliente “Retirar producto/pedido”. Dirígete al final del Script para revisar todo el detalle necesario que requiere este caso.

IMPORTANTE:

**Detalle necesario que requiere el caso**:

•Descripción del caso debe comenzar con el encabezado: “Retiro en domicilio para Devolución de Dinero” o “Devolución en Puntos BlueExpress COPEC” según la opción elegida por el cliente.

•Número del Sg a Retirar:

•Descripción del producto: Tal como indica “HOLA” indica ítem Ejem 1234 Refrigerador.

•Cantidad de Unidades a Retirar:

•Precio del producto:

•Estado del producto: ""Sin daño, Daño menor, Daño grave, Daño irreparable"" y

adicional indica detalles del daño en caso de tenerlo como (abollado, rallado, quebrado).

•Estado del Embalaje: ""Embalado cliente""/""Nuevo y Sellado""/""Embalaje con daños"".

Siempre indicar a cliente que debe estar embalado.

•Cantidad de Bultos: Bultos/Paquetes en los que el cliente entregará el producto.

•Tipo de producto: BIG o Parcel, según corresponda.""",0
c6,6,"Despacho, entrega y estado del pedido",Estado del pedido,Cliente consulta para conocer el estado en el que se encuentra la compra o confirmar algun dato de ella,Consulta,Consulta por el estado del pedido (800101),800101,Consulta por el estado del pedido,,"SOD:

Luego de revisar con tus datos tu compra en nuestro sistema💻, te informo que el estado de tu pedido es: XXXX. Por último, te recuerdo que a través de la página o LiderApp puedes ingresar a ""Mi Cuenta"", luego hacer clic en ""Mis pedidos"", y revisar en línea el estado del pedido e historial de otras compras🤝.
 
Recuerda que también te estaremos informando vía correo electrónico más detalles acerca del estado de tus pedidos🚚.

CATEX:

Luego de revisar con tus datos la compra en nuestro sistema, te informo que el estado de tu pedido es: XXXX. Por último, te recuerdo que a través de la página puedes ingresar a ""Mi Cuenta"", luego hacer clic en ""Mis pedidos"", y revisar en línea el estado del pedido🤝.",0
c6,6,Atención a clientes,Atención,Cliente informa que alguna pertenencia o productos de una compra fueron olvidados o dejados en el local,Solicitud,"Olvido de objeto(s)/producto(s) en el local o locker
(200613)",200613,Olvido de objeto(s)/producto(s) en el local o locker,,Te comento que debes dirigirte al local donde ocurrió la pérdida del objeto / producto y acudir al sector de servicio al cliente. Ahí te prestarán la ayuda necesaria para que puedas recuperar tus pertenencias🙌.,0
c7,7,Producto,Información y disponibilidad de productos,Cliente consulta acerca de cómo funciona un producto o cómo armarlo correctamente.,Consulta,"Consulta por funcionamiento/instrucciones de 
armado del producto (123080)",123080,Consulta por funcionamiento/instrucciones de armado del producto,,"Funcionamiento producto / Dudas armado:

Te recomiendo verificar el manual incluído dentro de la caja de tu producto para revisar las instrucciones de uso/armado☝️.

Servicio de armado:

En este momento no contamos con servicio de armado disponible☝️.",0
c7,7,Atención a clientes,Atención,"Cliente desea entregar un reconocimiento, ya sea a un colaborador, producto, campaña, etc.",Felicitación,,300004,Felicitación,,"Gracias por tu preferencia y por compartir tu experiencia positiva con nosotros💙. En Lider, valoramos mucho a nuestros clientes y estamos encantados de saber que tu experiencia ha sido satisfactoria. Es muy importante para nosotros valorar el esfuerzo de cada uno de nuestros colaboradores. Para dejar registro de este comentario por favor indícame tu correo y Rut😊.",0
c7,7,Funcionamiento y Entorno de Local/CD,Locker,Cliente informa que se ha extraviado la llave y requiere de una nueva para poder abrir el locker,Solicitud,Pérdida de la llave del locker (400103),400103,Pérdida de la llave del locker,,"Te comento que debes dirigirte al local donde ocurrió la pérdida de la llave del locker acercándote a servicio al cliente, donde te prestarán la ayuda necesaria para que puedas recuperar tus pertenencias🙌.",0
c8,8,Funcionamiento y Entorno de Local/CD,Sala,"Cliente solicita información de un local, como aperturas en feriados, horarios de atención, dirección o contacto de la tienda",Consulta,"Consulta onsulta por horario, dirección y/o teléfono del local 
(201302)",201302,"Consulta por horario, dirección y-o teléfono de local",,"Te informo que para saber nuestros horarios y listado de supermercados que se encuentran abiertos para el día de hoy, debes ingresar al sitio lider.cl/tiendas o bien a nuestra LiderApp, donde debes seleccionar el botón ""Mi Cuenta"" para después ingresar a la sección de ""ayuda y contacto"" y marcar la opción ""Nuestros locales y Horarios""☝️.",0
c9,9,"Despacho, entrega y estado del pedido",Estado del pedido,"Cliente dese aconfirmar N° de orden de un pedido existente. Si cliente compró y no está en sistema, usar causa 'No recibe correo de confirmación'",Consulta,Consulta por número de pedido (800501),800501,Consulta por número de pedido,,"Luego de revisar con tus datos la compra en nuestro sistema, te informo que el número de tu pedido es 👉: XXXX. Por último, te recuerdo que a través de la LiderApp puedes ingresar a ""Mi Cuenta"", luego hacer clic en ""Tus pedidos"", y revisar en línea el estado del pedido☝️.",0
c9,9,Sitios web y apps Walmart,Mi Cuenta,Cliente reclama que hubo un cambio en la información personal del cliente y este desconoce haberlo realizado,Reclamo,,10001013,Cliente desconoce actualización de datos,Crear un caso en HOLA,"Entiendo lo que me comentas. Te informo que para poder ingresar el detalle del caso, es necesario que por favor me indiques, ¿en cuál sitio web/App está ingresando?🤔. 

(Respuesta cliente)

Comprendo, te comento que para actualizar nuevamente tus datos debes ingresar a tu cuenta y modificarlos en la sección “información de la cuenta”. Si no puedes acceder a tu cuenta, debes solicitar una nueva contraseña seleccionando ""¿Olvidaste tu contraseña?""☝️.",0
c10,10,"Despacho, entrega y estado del pedido",Problemas con la entrega,Cliente consulta por productos que no fueron enviados pero estos fueron sustituidos o quebrados y no cobrados,Consulta,"Consulta por productos 
enviados/sustituidos/faltantes (800400)",800400,Consulta por productos enviados/sustituidos/faltantes,"1. Consulta sobre productos enviados: revisar en HOLA en la sección “Enviados” 

2. Consulta sobre productos sustituidos: revisar en HOLA en la sección “Sustituidos” 

3. Consulta sobre productos faltantes: revisar en HOLA. Si son faltantes totales, es decir, si están agotados todas las unidades del ítem, debes revisar la sección “Faltantes”, si son parciales debes revisar la sección “Enviados”","1. Consulta sobre productos enviados (productos entregados, es decir lo que se cobró y salió en la boleta)

a. Home Delivery:
Luego de revisar en nuestro sistema, los productos que fueron enviados a tu domicilio son: XX, XX, XX🚚.

b. Pick Up:
Luego de revisar en nuestro sistema, los productos que fueron entregados en tienda son: XX, XX, XX📦.
 
2. Consulta sobre productos sustituidos

a. Cliente tiene dudas sobre los sustitutos:
Según nuestro sistema, se registran los siguientes sustitutos: XX, XX, XX🛒.

b. Cliente indica que él quería la sustitución de los productos y se le genero la devolución de dinero. El campo “Respuesta cliente” dice lo siguiente “No acepta sustitutos”:
En nuestro sistema se registra que “No acepta sustitutos”, esto puede ser porque al momento de llegar el mensaje final por WhatsApp donde te preguntamos si coinciden los sustitutos con lo acordado en la llamada, seleccionaste la opción “Reembolso”☝️ , o porque dentro de los 5 minutos que se envía el mensaje no se seleccionó una respuesta, por lo tanto, se generó la devolución de dinero de los productos que no se sustituyeron🤝. 

Nos aseguramos de no cobrarle a nuestros clientes por un producto que no acordaron y debido a que tu devolución de dinero ya fue gestionada, no es posible realizar una nueva entrega de tus productos🤝.  
 
c. Cliente se comunica indicando que quería la Devolución de dinero y le llegaron los productos: El campo “Respuesta cliente” dice lo siguiente “Acepta sustitutos”:
Según nuestro sistema, se registra que aceptaste los sustitutos enviados en el mensaje de confirmación a través de WhatsApp, por lo que no se puede generar el reembolso en este caso🤝. 

d. Cliente se comunica indicando que no estaba en conocimiento que debía pagar un costo adicional por “Aceptar sustitutos”. El campo “Respuesta cliente” dice lo siguiente “Acepta sustitutos”:
Según nuestro sistema, se registra que “Acepto los sustitutos”, con un costo adicional indicado en el mensaje de confirmación a través de Whatsapp, por lo tanto, no se puede generar un reembolso de los productos que ya fueron entregados🤝. 

3. Consulta sobre productos faltantes (quiebres totales o parciales):
Luego de revisar en nuestro sistema, los productos que no fueron enviados son los siguientes👉: XX, XX, XX, por lo tanto, se generará la devolución de forma automática. La devolución de tu dinero se podrá ver reflejada dentro del día o un plazo máximo de 7 días hábiles🤝.",0
c11,11,Sitios web y apps Walmart,Mi Cuenta,"Cliente denuncia que la web o app no permite ingresar a la cuenta ya creada del cliente, ya sea porque no reconoce el usuario o no le llega código",Reclamo,,10001010,Web/App no permite ingresar a Mi Cuenta,Crear un caso en HOLA,"Comprendo lo que me informas, para poder gestionar tu caso, es necesario que me indiques, ¿en qué sitio estás intentando ingresar?🤔.

Indicación para el ejecutivo: Recordar que para lider.cl, no se ingresa con contraseña sino que con código de seis dígitos enviados al correo de la cuenta.

Lider App:

Para poder guiarte de mejor forma, ¿me puedes indicar qué mensaje te aparece al tratar de ingresar a tu cuenta?🤔.

1. Cliente hace alusión a que app le indica contraseña incorrecta:
Te comento que para poder volver a ingresar a tu cuenta, debes recuperar tu contraseña, seleccionando “recuperar contraseña”☝️.

Recuperar contraseña desde Lider App:
Para restablecer tu contraseña, debes seleccionar la opción de “recuperar contraseña” y seguir los pasos indicados. Te llegará un código de verificación a tu correo con el asunto “Este es tu código de verificación”. Recuerda revisar Spam o correo no deseado para obtener el código de recuperación☝️.

**Cliente hace alusión de que no puede recuperar la contraseña ya que no tiene acceso al correo/correo no es suyo**

Indicación para el ejecutivo: Dirigirse a preguntas de seguridad de <Procedimiento para validar y modificar datos del cliente> (12P4) para modificar correo.

Cliente indica que trata de restablecer contraseña y no le llega correo:

Entiendo, si ya revisaste spam o correo no deseado y no te ha llegado el correo, puedes intentar recuperando la contraseña desde lider.cl (en caso de que cliente esté tratando de recuperar desde lider app) o lider app (en caso contrario).

2. Cliente hace alusión a que el sitio le indica que correo no está registrado en el sistema al momento de recuperar contraseña y en HOLA aparecen correctamente sus datos actualizados:
Te comento que si tienes tus datos actualizados y el sitio te indica que el correo no está en nuestros registros, es porque debes crearte una cuenta para poder comprar de forma online☝️.

3. Cliente indica que al crear cuenta mensaje informa ya existe:
Si estás usando un Rut que ya tiene cuenta, verás un mensaje que indica lo siguiente “El Rut ingresado ya está asociado a una cuenta”. Eso significa que puedes intentar iniciar sesión con el correo asociado a la cuenta☝️.

Cliene hace alusión a que no recuerda correo asociado a su cuenta:

Te comento que para poder entregarte la información del correo electrónico asociado a tu cuenta, deberás responder unas preguntas para validar tu identidad respecto a su última compra con nosotros☝️.

Indicación para el ejecutivo: Dirigirse a preguntas de seguridad de <Procedimiento para validar y modificar datos del cliente> (12P4)

Si cliente contesta correctamente las preguntas, se entrega información de correo.

Si cliente quiere modificar su correo electrónico posterior a entregarle la información del correo asociado a su cuenta:

Te informo que la actualización de tu correo ya se encuentra disponible, al ingresar a nuestro sitio, en primer lugar tendrás que validar tu nuevo correo y una vez validado, seleccionar recuperar contraseña para poder ingresar☝️.

Indicación para el ejecutivo: En caso de que al modificar el correo aparezca utilizado en otra cuenta, dirigirse a procedimiento y causa <Web/App no permite actualizar datos de Mi Cuenta (1000101)>.

Si cliente responde de forma incorrecta:

Te comento que las respuestas no coinciden con lo registrado en nuestro sistema, por seguridad de tu información te invitamos a dirigirste a la tienda más cercana con tu carnet de identidad para poder entregarte la información solicitada☝️.",0
c12,12,Producto,Información y disponibilidad de productos,"Cliente solicita info. sobre garantía legal, satisfacción o retracto. Ej. En qué condiciones debe estar el producto para devolverlo",Consulta,Consulta sobre políticas de productos (170027),170027,Consulta sobre políticas de productos,,"GARANTÍA LEGAL:

Comprendo🙌, actualmente tenemos dos políticas de productos que los clientes pueden acceder dependiendo del estado del producto afectado. Primero se encuentra la Garantía Legal, que es un derecho que otorga la Ley al cambio, devolución o reparación de un producto defectuoso, dañado, o deteriorado de fábrica, no atribuible a daño por mal uso🤝. 

Esta garantía aplica para los productos no alimentarios nuevos que presentan daño y/o fallas o le faltan piezas o partes no atribuibles al cliente☝️. Se excluyen productos reacondicionados, open box o de segunda selección y dentro de un plazo de 180 días desde la fecha de compra, el cliente tiene la opción de escoger devolución, cambio o reparación. En el caso de productos Marketplace sólo se puede optar a la devolución de dinero💳.

Los productos para realizar cambio deben venir debidamente embalados y desarmados en caso de muebles u otro similar☝️. Para el caso de Marketplace, la devolución del producto debe contar además, con un embalaje extra al exigido (caja u bolsa), en el cual el producto no sea visible y cuente con la etiqueta pegada afuera de este embalaje📦.

En el caso de productos de alimentación👉, esta garantía aplica cuando el producto se encuentra en mal estado, mal aspecto, mal olor, vencido, o cualquier otra situación similar que pueda ser perjudicial para el consumo del cliente dentro de un plazo de 180 días, y adicionalmente se considera la garantía para productos perecibles, hasta su fecha de vencimiento o hasta siete días para aquellos productos que no indiquen esa información en el envase☝️.

GARANTÍA DE SATISFACCIÓN 
La Garantía de Satisfacción es el beneficio que otorgamos a nuestros clientes para que puedan cambiar un producto por otro☺️, ya sea porque cometieron un error al comprarlo, porque no tenía las características o el tamaño esperado, o simplemente porque no les gustó el producto🤝.

Esta garantía aplica dentro de un plazo de 30 días corridos☝️, contados desde la fecha de compra o recepción del producto, o a través de su fecha de vencimiento impresa, (el primer evento que ocurra). Se exceptúan de esta regla los productos perecibles, los cuales tienen un plazo máximo igual a la fecha de vencimiento indicada en el embalaje o de siete días corridos desde la fecha de recepción, (el primer evento que ocurra)🤝.

El producto que el cliente devuelva deberá estar en perfectas condiciones☝️, sin signos de uso y con todos sus embalajes originales, ya sea manuales, accesorios del producto y regalos promocionales asociados a la compra. En caso de no cumplirse estas condiciones, el Usuario no podrá hacer uso del beneficio descrito en esta cláusula🤝. 

No se devolverá el costo de despacho en la devolución de dinero por productos devueltos☝️, mientras que el cambio de productos estará sujeto a disponibilidad de inventario. Se Excluye la garantía para los siguientes productos👇: 

- Productos informados como outlet, reacondicionados, open box o segunda mano.
- Descargas electrónicas, Plantas, Bienes intangibles o que hayan caducado.

Asimismo☝️, los siguientes productos no deben haber sido abiertos, debiendo tener todos sus sellos y etiquetas👇: 
- Cuidado personal, belleza, perfumería, aromaterapia, productos de bienestar sexual, higiene y salud.
- Trajes de baño, fajas, ropa interior.
- Aros, piercing, accesorios para fumar.
- Almohadas y ropa de cama.
- Muebles armables, pinturas y herramientas.",0
c13,13,Funcionamiento y Entorno de Local/CD,Comunidad,"Cliente consulta por disponibilidad, dirección, horarios, etc. de los puntos de reciclaje (cartón, vidrio, etc.) que tiene disponible el local",Consulta,"Consultas sobre puntos de reciclajes disponibles en 
locales (200301)",200301,Consulta sobre puntos de reciclajes disponibles en locales,,"Te comento que nuestros locales con puntos limpios en RM son👇: 
Lider La Reina (PRINCIPE DE GALES 9140), Lider Cordillera (LOS TOROS 05441, PUENTE ALTO), Express de Lider Pedro Fontova (HUECHURABA), Lider Puente Nuevo (LAS CONDES), Lider Los Dominicos (Camino El Alba 11865, Las Condes), Express de Lider Tomás Moro, Express de Lider Estoril, Express de Lider La Dehesa, Express de Lider Piedra Roja (COLINA), Lider Buenaventura (VITACURA 1770). 

En región de Los Lagos (X región)☝️:
EXPRESS de Lider Puerto Varas Reciclaje electrónico

Además☺️, puedes revisar los horarios de atención de nuestros locales con puntos limpios de reciclaje en la web lider.cl/tiendas o bien a nuestra LiderApp, donde debes seleccionar el botón 'Mi cuenta' para después ingresar a la sección de 'ayuda y contacto', y marcar la opción 'Nuestros locales y horarios🤝.",0
c13,13,Sitios web y apps Walmart,Mi Cuenta,Cliente denuncia que la web o app no permite que el cliente pueda crear una cuenta para realizar compras,Reclamo,,1000108,Web/App no permite crear Mi Cuenta,Crear un caso en HOLA,"Comprendo lo que me informas. Para poder gestionar tu caso, es necesario que me indiques, ¿en qué sitio estás intentando crear tu cuenta?🤔.
   
(Respuesta cliente)

Indicación para el ejecutivo: En la descripción debes dejar escrito el nombre del sitio web junto con lo que indica el cliente.
 
LiderApp o Lider.cl:
Por favor, me gustaría saber si al intentar crear tu cuenta, ¿el sitio te arrojó algún error en el llenado del formulario?🧐.  
   
1. Cliente indica que no ha cometido errores:
Si estás usando un Rut que ya tiene cuenta, verás un mensaje indicando lo siguiente “El Rut ingresado ya está asociado a una cuenta”. Eso significa que puedes intentar iniciar sesión con el correo asociado a la cuenta. Si no lo recuerdas, podemos hacer unas preguntas de seguridad para indicarte la información☝️.

Cliente hace alusión a que no recuerda correo asociado a su cuenta.

Indicación para el ejecutivo: Dirigirse a preguntas de seguridad de <Procedimiento para validar y modificar datos del cliente> (12P4).

Si cliente quiere modificar su correo electrónico posterior a entregarle la información del correo asociado a su cuenta y HOLA permite actualización:

Te informo que la actualización de tu correo ya se encuentra disponible, al ingresar a nuestro sitio, en primer lugar tendrás que validar tu nuevo correo y una vez validado, ingresar con el código de seis dígitos que te llegará a tu correo☝️.

*Si correo aparece como utilizado en otra cuenta y cliente responde bien las preguntas de validación*

Indicación para el ejecutivo:

Ingresar caso: <Web/App no permite actualizar datos de Mi Cuenta> (1000101) y reportar error de sistema en HOLA con los datos de cliente.",0
c14,14,Mi Club,Programa Pesos Mi Club,Cliente consulta por el programa de alianzas (empresas con convenio de acumulación de Mi Club),Consulta,"Consultas alianzas con Mi Club (Convenios con otras 
empresas) (123073) / Documento todas las posibles preguntas genéricas relacionadas al programa Mi Club.",123073,Consultas alianzas con Mi Club (Convenios con otras empresas),,"Te comento que puedes conocer todos los beneficios y alianzas disponibles del programa Mi Club Líder ingresando a nuestro sitio web: miclublider.cl/alianzas. Allí encontrarás el detalle de cada alianza y cómo acceder a sus beneficios💙.

Indicación para el ejecutivo: Si el cliente indica que no puede acceder al sitio web, apóyalo directamente ingresando a www.miclublider.cl, sección Alianzas, donde podrás guiarlo paso a paso o revisar las preguntas frecuentes relacionadas con cada beneficio.",0
c14,14,"Despacho, entrega y estado del pedido",Estado del pedido,Cliente desea desistir voluntariamente de la compra que aún no ha sido entregada,Solicitud,Solicitar anulación/cancelación del pedido,800206,Solicitar anulación/cancelación del pedido,"Crear un caso en HOLA

Depende del estado del pedido. NUNCA debe figurar en Estado “Entregado”
En ese caso debes utilizar la causa “Desconocimiento en entrega de pedido (800308)”

Ingresar solicitud en HOLA y verificar en Excalibur

*Si el monto de compra es menor a $1.000 se devolverá como pesos Mi club (excepto pagos con T Lider).","Compras SOD -Estado PRE-PICKING

Glosa: Cliente solicita anular compra SOD prepicking, y utilizar la resolución “Anulado en primer contacto”:
Te comento que realizaré la anulación de tu pedido XXXX. La devolución de tu dinero se podrá ver reflejada dentro del día o en un plazo máximo de 7 días hábiles🤝.

Compras SOD, CATEX y Punto de compra (PDC)- Estado POS-PICKING

PICK UP

a. Listo para retiro

Glosa: Cliente solicita anulación del pedido en estado listo para retiro, utilizar la resolución <Anular pedido listo en Pick Up, cliente desiste de su retiro>:
Te comento que para la anulación de tu pedido XXXX, debo registrar este caso para que se pueda gestionar lo solicitado. La devolución de tu dinero se podrá ver reflejada dentro del día o en un plazo máximo de 7 días hábiles🤝.

b. Estado diferente a “Listo para retiro”

Glosa: Cliente solicita anulación del pedido, y utilizar la resolución <Anulación del pedido>:
Te comento que para la anulación de su pedido XXXX, debo registrar este caso para que se pueda gestionar lo solicitado. La devolución de tu dinero se podrá ver reflejada dentro del día o en un plazo máximo de 7 días hábiles🤝.

Home Delivery (rechazado en puerta o no ha llegado):
Me puedes indicar si, ¿rechazaste el pedido o este no ha llegado?☝️

a. Si rechazo el pedido 

Glosa: Cliente solicita anulación del pedido rechazado en puerta, y utilizar la resolución <Anular pedido que ya se ha rechazado en puerta>:
Te comento que para la anulación de tu pedido XXXX, debo registrar este caso para que se pueda gestionar lo solicitado. Una vez que el pedido llegue de vuelta al local, será anulado en sistema. La devolución de tu dinero se podrá ver reflejada dentro del día o en un plazo máximo de 7 días hábiles🤝.

b. No ha llegado el pedido

Glosa: Cliente solicita anulación del pedido y utilizar la resolución <Anulación del pedido>:
Te comento que se ingresará el caso de anulación de pedido, sin embargo, si el pedido ya está en camino debes rechazarlo cuando este llegue, una vez que el pedido llegue de vuelta al local, comenzará el proceso de devolución de tu dinero. La devolución de tu dinero se podrá ver reflejada dentro del día o en un plazo máximo de 7  días hábiles🤝.

PUNTO DE COMPRA (PDC):

Indicación para el ejecutivo:

Cuando el pedido corresponda a Punto de Compra, se deberá gestionar el caso bajo  la  resolución <anulación del pedido> de acuerdo a los casos de HD Y PU mencionados anteriormente y el proceso de devolución será, de acuerdo al medio de pago utilizado.

Estado: POST-PICKING (Con Boleta)

a )Efectivo será al mismo medio de pago y tendrá que derivarse a local.
Adicionalmente, te comento que tu devolución será realizada al mismo medio de pago, por lo cual deberás dirigirte al local para su devolución☝️. 

b) Tarjeta de Crédito y Tarjeta de Débito, la devolución es al mismo medio de pago: 
Adicionalmente, te comento que tu devolución será realizada al mismo medio de pago que utilizaste🤝.

c) Tarjeta líder BCI transferencia: 
Adicionalmente, te comento que tu devolución será realizada por transferencia por lo que te recomiendo tener actualizados tus datos bancarios en su cuenta Lider🤝.",0
c15,15,Atención a clientes,Asuntos Corporativos,Cliente solicita información general de Walmart o sus servicios.,Consulta,"Consultas generales corporativas (auspicios/fono 
orientación/visitas guidadas) (123075)",123075,Consultas generales corporativas (auspicios-fono orientación-visitas guiadas),,"Consulta por validación de sitios o ofertas (verificación de posibles fraudes):
He revisado la información que me compartiste y esta no corresponde a una iniciativa u oferta de nuestra empresa. Te recomiendo ignorarla y confiar únicamente en la información difundida por nuestros canales oficiales y redes sociales. De todas maneras, dejaré un registro de lo que me has comunicado✅.
Además, aprovecho de recordarte que nuestra compañía sólo se comunicará contigo a través de medios oficiales. Nunca se te solicitará pagos adicionales después de una compra ni te pediremos que ingreses a enlaces enviados desde fuentes desconocidas. Por favor, nunca compartas datos personales, información de tarjetas, cuentas, o claves secretas en sitios no confiables y confirma siempre que las solicitudes provengan de una fuente oficial🤝.
Información importante para el ejecutivo: Recuerda que en la descripción del caso debes dejar la información correspondiente del sitio, red social u otra que ayude entender el caso al cual refiere el cliente.

Consulta visitas guiadas:

Te informo que actualmente no estamos realizando visitas guiadas en nuestros locales☝️.

Consulta por fono orientación:

Te informo que actualmente no tenemos un fono de orientación disponible para atenciones comunitarias. Nuestro canal oficial para este tipo de consultas es a través del correo 📧vecinos.chile@walmart.com.

AUSPICIOS Y/O PATROCINIOS

Consulta sobre auspicios (corporativo):
Te informo que para todo tipo de consultas corporativas o de auspicios, nuestro canal oficial es a través del correo 📧rsechile@walmart.com.

Consulta por Programa Potencia PYME:

El programa busca acompañar, potenciar y sumar a distintas Pymes del país como proveedoras de productos para la venta en nuestros supermercados y canales digitales, a través de un programa a distancia que les otorga nuevas herramientas para explotar al máximo sus capacidades🤝.

Consulta acerca de cómo ser proveedor de Walmart:

Te informo que puedes visitar el sitio web walmartchile.cl donde puedes ingresar al Portal de Proveedores. Debes seleccionar “¿Cómo ser proveedor Walmart?” y completar el formulario📝, con esto le llegará la solicitud al comprador correspondiente a la categoría📲.

Consulta acerca de Programa Soy Pyme:

Este programa invita a los actuales proveedores de productos de Walmart Chile a incorporar un sticker “Soy Pyme” a sus productos🛒, con el fin de que nuestros clientes puedan identificar fácilmente en góndola u online que productos son elaborados o distribuidos por emprendimientos y así los puedan preferir💙.",0
c15,15,"Pagos, tarjetas y reembolsos",Reembolso,Cliente solicita que la devolucion de dinero que le hicieron en Pesos Mi Club se le haga por transferencia o viceversa,Solicitud,,500107,Solicitud cambio de medio de pago de devolución – Pesos Mi Club a transferencia bancaria  (o viceversa,Crear un caso en HOLA,"De pesos mi club a transferencia:

SOD:
Te comento que puedo ingresar tu solicitud de cambio en el método de devolución previamente gestionado. Considerar que además se perderá el abono adicional ofrecido del 10% por concepto de devolución en pesos Mi Club y sólo recibirás el monto pagado originalmente. Por favor, ¿podrías confirmarme tus datos bancarios para verificarlos en el sistema?🙌

(Respuesta cliente)

1. Cliente no tiene los datos de cuenta bancaria registrados:
Por lo que visualizo, tus datos bancarios no han sido ingresados correctamente. En este caso, por favor te solicito registrar tu cuenta directamente a través de la Lider App o en el sitio web del supermercado, para que podamos gestionar tu solicitud de manera adecuada y dentro del plazo establecido☝️.

Indicación para el ejecutivo: Ingresar en descripción del caso: <Cliente no registra datos bancarios, se le indica que los actualice directamente>

2. El cliente cuenta con datos bancarios, pero no están actualizados:
Por lo que visualizo, tus datos bancarios no han sido actualizados correctamente. En este caso, por favor te solicito actualizar tu cuenta directamente a través de la Lider App o en el sitio web del supermercado, para que podamos gestionar tu solicitud de manera adecuada y dentro del plazo establecido☝️.

Indicación para el ejecutivo: Ingresar en descripción del caso: <Cliente registra datos bancarios desactualizados, se le indica que los actualice directamente>

3. Los datos están registrados y se encuentran correctos:

Los datos proporcionados coinciden con los registrados en nuestro sistema, por lo que procederé a ingresar la solicitud🖥️.

Indicación para el ejecutivo: Ingresar en descripción del caso: <Los datos bancarios fueron validados y están correctos>:

Le informo que el plazo de resolución es de 3 días hábiles🤝.

De transferencia a pesos Mi Club:

Según lo que me indicas, gestionaré tu solicitud relacionada con el cambio del medio de pago de su devolución El plazo de resolución es de 3 días hábiles🤝.",0
c16,16,Funcionamiento y Entorno de Local/CD,Locales comerciales,"Cliente consulta por información de locales trascaja (horarios, funcionamiento, servicios, etc.)",Consulta,"Consultas generales de locales comerciales 
(Famacia/tabaqueria/etc) (123083)",123083,Consultas generales de locales comerciales (Farmacia-Tabaquería-etc),,"Arriendo de local comercial y donación de espacio:

Si te interesa arrendar un local comercial en supermercados Lider, Express de Lider o Super Bodega aCuenta☝️, debes Ingresar al link walmartchile.cl/arriendo-locales/ y completar el formulario con tus datos🪪.

Horario funcionamiento de local comercial:

Te informo que las tiendas comerciales se rigen por funcionamiento del local y estas sólo funcionan dentro de los horarios determinados por éste🤝.

Información de contacto de local comercial habilitado:

Te comento que debes ir directamente a la tienda comercial a consultar tus dudas🤝.",0
c17,17,"Pagos, tarjetas y reembolsos","Boleta, factura y/o nota de crédito",Cuando el cliente se comunique para solicitar que se cambie su documento de pago de boleta a factura o viceversa.,Solicitud,,1200002,Solicitud cambio de boleta por factura (o viceversa),Crear un caso en HOLA,"Te comento que no es posible realizar el cambio de boleta a factura (o viceversa)☝️.  

De todas maneras, te informo que dejé registro de esta solicitud en el sistema. Gracias por tu comprensión🤝.",0
c18,18,"Publicidad, campañas y promociones",Campañas/Publicidad/Concursos,"Cuando el cliente se comunique para pregunta sobre concursos vigentes, etapa de concursos, ganadores del concurso, entre otras informaciones relacionadas.",Consulta,Consultas generales sobre concursos (123078),123078,Consultas generales sobre concursos,,"Respecto a tu consulta, te invito a revisar en detalle todas las bases y concursos en el sitio web Lider.cl (al final del sitio, en ""Términos y Condiciones"", y luego en el menú lateral izquierdo ""Bases de campañas y concursos"").

Además, te invito a estar atento(a) a nuestros canales oficiales en redes sociales, Instagram y TikTok, ambos bajo el usuario @lider\_cl, ya que a través de estos canales y sus transmisiones informamos de lo activo",0
c19,19,Mi Club,Programa Pesos Mi Club,"Cliente consulta por el programa de Mi Club, beneficios, modo de uso, etc.",Consulta,"Consultas generales sobre programa de pesos Mi 
Club (123081) / Documento todas las posibles preguntas genéricas relacionadas al programa Mi Club.",123081,Consultas generales sobre programa de pesos Mi Club,,"Script a utilizar para compras hasta el 8 de julio 2025:
Te comento que actualmente puedes acumular Pesos Mi Club en Líder, Express de Líder, Líder.cl y App Líder, indicando tu RUT al momento de la compra:

Pagando con todo medio de pago distinto a Lider BCI:

Te comento que con todo medio de pago acumulas un 0,8% del total de tu compra sin tope mensual.

Pagando con Lider BCI:

Todos los días te devolveremos un 6% del total de tu compra “en Pesos Mi Club”. sin importar el tipo de producto que compre. Este beneficio tiene un tope mensual de acumulación de 200.000 Pesos Mi Club.

Instrucción para el ejecutivo: Si el cliente solicita detalle:
Te comento que si pagas el 100% de tu compra con su Tarjeta de Crédito Líder BCI, acumulas un 0,9% del total de su compra en Pesos Mi Club. Además, hasta el 8 de julio de 2025, puedes acceder a acumulaciones especiales del 20% en las siguientes categorías y días:
Martes: carnes
Miércoles: frutas y verduras
Viernes: limpieza y detergentes
Sábado: vinos, cervezas y espumantes
Este beneficio tiene un tope mensual de acumulación de 100.000 Pesos Mi Club.

Nota: Excepciones y no acumulan Pesos MI Club: Compras de juegos de azar, gift cards, cigarrillos, la parte de la compra pagada con Pesos MI Club, pagos de cuentas de servicios básicos y compras asociadas a la Beca de Alimentación BAES.

Comercios Asociados:

Te comento además, que te devolvemos el 0,1% del monto de tu compra “en Pesos Mi Club” comprando en otros comercios con la tarjeta de crédito Líder BCI (Comercios Asociados), excluyendo servicios financieros, combustible, recaudación, supermercados, casinos y juegos de azar y grandes tiendas. El detalle completo lo puedes revisar en www.tarjetaliderbci.cl.
Es importante mencionar que los Pesos Mi Club se reflejan de forma inmediata en tu saldo disponible. En algunos casos, podrían tardar hasta un máximo de 10 días hábiles en verse reflejados.

Script a utilizar para compras desde el 9 de julio:
Te comento que actualmente puedes acumular Pesos Mi Club en Líder, Express de Líder, Líder.cl y App Líder, indicando tu RUT al momento de la compra:

Pagando con todo medio de pago distinto a Lider BCI:

Te comento que con todo medio de pago acumulas un 0,8% del total de tu compra sin tope mensual.

Pagando con Lider BCI:

Te comento que desde el 9 de julio de 2025, es más simple, ya que todos los días te devolveremos un 6% del total de tu compra “en Pesos Mi Club”. sin importar el tipo de producto que compres. Este nuevo beneficio tendrá un tope mensual de acumulación de 200.000 Pesos Mi Club.


Nota: Excepciones y no acumulan Pesos MI Club: Compras de juegos de azar, gift cards, cigarrillos, la parte de la compra pagada con Pesos MI Club, pagos de cuentas de servicios básicos y compras asociadas a la Beca de Alimentación BAES.

Comercios Asociados:

Te comento además, que te devolvemos el 1% del monto de tu compra “en Pesos Mi Club” comprando en otros comercios con la tarjeta de crédito Líder BCI (Comercios Asociados), excluyendo servicios financieros, combustible, recaudación, supermercados, casinos y juegos de azar y grandes tiendas. El detalle completo lo puedes revisar en www.tarjetaliderbci.cl.
Es importante mencionar que los Pesos Mi Club se reflejan de forma inmediata en tu saldo disponible. En algunos casos, podrían tardar hasta un máximo de 10 días hábiles en verse reflejados.",0
c19,19,"Despacho, entrega y estado del pedido",Modificaciones en la entrega,Cliente solicita cambiar persona autorizada para realizar el retiro de pedido Pick Up,Solicitud,"Solicitud para agregar/cambiar que un tercero 
retire un pedido (800204)",800204,Solicitud para agregar/cambiar que un tercero retire el pedido,Crear un caso en HOLA,"Te comento que para que otra persona retire tu pedido, este deberá entregar el código de retiro enviado a tu WhatsApp o al correo asociado a tu cuenta una vez el pedido esté listo para retirar. Recuerda que te avisaremos cuando el pedido ya esté preparado y puedas acercarte al local. 
De todas maneras, te informo que dejaré registro de su solicitud en nuestro sistema🖥️.",0
c20,20,Producto,Garantía legal,Cliente reclama que recibió un producto alimentario en mal estado. Si cliente declara daño por consumo usar 'Accidente de cliente postcompra...',Reclamo,Calidad alimentaria (155130),155130,Calidad alimentaria,"Crear un caso en HOLA 

SOD usar el selector de productos correspondiente y marcar sólo los productos que presentan problemas. Descripción del caso: Problema utilizando el Tipo de clasificaciones para el problema del producto reclamado, seguido de todo el detalle que el cliente indica.

*Si el monto de compra es menor a $1.000 se devolverá como pesos Mi club (excepto pagos con T Lider).

*Alerta “En caso de Garantía Legal o de Satisfacción, debes derivar a este cliente a tienda para que pueda ejercer la garantía con el producto físico y el documento que acredite la entrega” sobre la información personal del cliente. Crear caso y en la “Resolución elegida por el cliente” seleccionar “Cliente derivado a local” e indicar al cliente que debe ir a local.","Indicación para el ejecutivo:

PPS (Perecibles): plazo establecido en la fecha de vencimiento, con un tope máximo de 6 meses o a falta de información (Fecha de vencimiento) 7 días desde la compra.
 
ACP (Alimentos, consumibles y mascotas <pets>): plazo establecido en máximo 6 meses desde la compra.
 
No Aplica Garantía legal: Fuera de plazo

Indicación para el ejecutivo: Crear caso con la siguiente resolución ""Información de garantía entregada en el contacto"" y dejar glosa en la descripción indicando lo siguiente: Fuera de plazo, no aplica garantía legal.

Te comento que, tu producto se encuentra fuera del plazo de garantía legal🙌. De todas maneras, debo informarte que registraré este caso acerca de lo que solicitaste durante esta atención💻.

*Aplica Garantía legal

Dentro de plazo:

Me puedes indicar por favor, ¿qué problema tiene el producto?🤔

Indicación para el ejecutivo: Una vez identificado el problema del producto, debes dejar registro en HOLA, seleccionando el producto y su clasificación según lo indicado por cliente.
 
SOD:

*Monto a devolver es MAYOR a $15.000*:

Indicación para el ejecutivo: Debes crear caso con resolución ""Cliente derivado a local"":

Comprendo🙌. Para poder realizar la devolución de dinero, debes dirigirte al local con el producto. De todas maneras, registraré tu solicitud y lo que acabo de revisar en nuestro sistema💻.

*Monto a devolver es MENOR O IGUAL a $15.000*:

Indicación para el ejecutivo: En ese caso debes realizar la cancelación de el/los productos(s) en Excalibur. Apóyate con el siguiente documento (Anulado parcial en primer contacto -SOD).

¿Te permitió cancelar los productos en Excalibur?

NO se pudo cancelar en Excalibur el/los productos que el cliente reclamó:

Indicación para el ejecutivo: Deberás crear el caso según el requerimiento del cliente, en la descripción deberás agregar la siguiente glosa “Error en cancelar” seguido de lo mencionado por el cliente. Adicionalmente, en la “Resolución elegida por el cliente” deberás seleccionar “Devolución de dinero”:

Te comento que, debo registrar este caso para poder gestionar la devolución de tu dinero, la cual se podrá ver reflejada dentro del día o un plazo máximo de 7 días hábiles🤝. 
 
Se pudo cancelar en Excalibur el/los productos que el cliente reclamo (ANULACIÓN PARCIAL EN PRIMER CONTACTO):

Indicación para el ejecutivo: Una vez que se haya generado la anulación, deberás generar la captura de la cancelación de Excalibur, posteriormente debes crear caso con la resolución “Producto/s anulado en primer contacto” y deberás adjuntar la captura de la cancelación realizada:

Te comento que, realizaré la anulación de los productos que me indicaste del pedido con número 👉XXXX. El monto a devolver es de $XXXX y la devolución de tu dinero se podrá ver reflejada dentro del día o un plazo máximo de 7 días hábiles🤝.

Indicación para el ejecutivo: Si al crear el caso, visualizas un mensaje de compensación procesada exitosamente únicamente para este escenario:

Sabemos que esta situación pudo haber generado molestias por tu parte🙌, y es por esto que, hemos cargado Pesos Mi Club en tu cuenta. Para que hagas uso de estos en tu próxima compra🤝. 
Si gustas, puedes validar los pesos a través de nuestro sitio👉 web: www.lider.cl/tu-cuenta/miclub. Y revisar el detalle completo de los Pesos Mi Club cargados✅.

*SÓLO Alerta en HOLA para garantías SOD/CATEX*:

Te comento que, para poder gestionar tu requerimiento, debes dirigirte al local más cercano con el producto y la boleta que acredite la compra🤝. De todas maneras, registraré este caso acerca de lo que solicitaste durante esta atención💻.

Indicación para el ejecutivo: Ingresar caso de Calidad Alimentaria con resolución ""Cliente derivado a local"".",1
c20,20,"Publicidad, campañas y promociones",Promociones,"Cliente desea conocer promociones, precios de productos o campañas promocionales vigentes",Consulta,Consultas generales sobre promociones (123076),123076,Consultas generales sobre promociones,,"Campañas promocionales activas en sistema:
Te informo que actualmente está(n) activa(s) la(s) campaña(s) XXXX que consiste(n) en XXXX☺️. 
 
Si cliente está interesado en campaña en particular:
La campaña XXXX entró en vigencia el día XX-XX y finalizará el XX-XX-XXXX☺️.",0
c20,20,"Despacho, entrega y estado del pedido",Modificaciones en la entrega,Cliente solicita modificar (adelantar o retrasar) la fecha/hora de entrega o retiro de la compra,Solicitud,,800201,Solicitud para cambiar fecha/hora de entrega del pedido,"Crear un caso en HOLA

Esta causa tiene distintos escenarios, según el tipo de compra de que se trate: ON TIME (24 hrs antes de la entrega), Pickup ON TIME (24 hrs antes de la entrega), día de la entrega, Pickup día de entrega - Siempre visualizar estado de pedido en Beetrack (detalles en manual)","CATEX (HD):
Te comento que no podemos hacer modificaciones en la hora de entrega, ya que nuestras ventanas de despacho van desde 08:00 hrs a 22:00 hrs.

En el caso de querer modificar la fecha de entrega, te informo que debo registrar este caso para que el área especializada se comunique contigo, y adicionalmente puedan revisar la información de entrega asociada a tu compra para poder ofrecerte una nueva fecha de entrega. El plazo de resolución es de 5 días🤝. 

CATEX (Pickup):
Te comento que no podemos realizar modificaciones en la fecha/hora de retiro, sin embargo, como tu pedido corresponde a retiro pick up, cuentas con 10 días para poder retirarlo en nuestros locales☝️.

SOD (HD):
Te comento que actualmente no es posible realizar cambios en la fecha/hora de entrega del pedido. En el caso de no poder recibir la compra, una vez el pedido retorne al local, se generará la devolución de tu dinero en un plazo máximo de 7 días hábiles🤝.

SOD (Pickup):
Te comento que actualmente no es posible realizar cambios en la fecha/hora de entrega del pedido, sin embargo, como tu pedido corresponde a retiro en tienda cuentas con 2 días para poder retirarlo.",0
c21,21,"Pagos, tarjetas y reembolsos",Medios de pago,"Cliente desea información sobre servicios financieros (cartola, fechas de pago, comisiones) de la tarjeta de Lider BCI",Consulta,Consultas generales sobre tarjeta Lider BCI (123087),123087,Consultas generales sobre tarjeta Lider-BCI,,"Indicación para el ejecutivo: Recuerda que esta causa se utiliza para derivar consultas relacionadas directamente con Servicio Financiero Líder BCI, como pagos, estado de cuentas, cuotas, intereses, deudas, avances, seguros, costos asociados, problemas con la tarjeta y fraudes:

Comprendo🙌. Te comento que cualquier consulta o requerimiento relacionado con tu tarjeta Líder BCI debe ser atendido a través del número 600 600 5757. También puedes aclarar tus dudas en https://tarjetaliderbci.cl/☝️.",0
c22,22,Daños físicos y/o daños materiales,Daño material,Cliente reclama que un vehículo de la empresa provocó un choque que generó pérdidas para el cliente,Reclamo,,170008,Choque/daño/hurto provocado por transporte WM,"Crear un caso en HOLA 

Dejar todo el detalle que indica el cliente en la descripción del caso.","Comprendo lo que me comentas. Te informo que el área especializada se comunicará contigo para solicitar todos los antecedentes necesarios. Una vez que contemos con toda la información necesaria, realizaremos las gestiones correspondientes de acuerdo a nuestro protocolo interno. Te recomiendo tomar fotos y guardar la documentación relacionada para tenerlo como evidencia. El plazo de resolución es de 3 días hábiles🤝.",0
c22,22,"Pagos, tarjetas y reembolsos",Medios de pago,"Cliente consulta por información de tarjetas alimenticias. Ej. Condiciones, restricciones, etc.",Consulta,Documento todas las posibles preguntas genéricas relacionadas a las tarjetas de alimentación.,500003,Consultas generales sobre tarjetas de alimentación,,"Consultas generales:

Te comento que respecto a tu consulta sobre tarjetas de alimentación (indicar respuesta a pregunta del cliente). Por favor, ¿me podrías enviar Tu Rut para dejar registro de esta consulta?💻

En caso de problemas con la tarjeta de alimentación inclusive reclamos de devolución de dinero:

Para gestionar la devolución de tu dinero debes acercarte al local en donde realizaste la compra. De todas formas dejaré ingresado este contacto para respaldo🤝.",0
c22,22,"Despacho, entrega y estado del pedido",Modificaciones en la entrega,Cliente solicita cambiar o corregir la dirección o retiro asociada a una compra,Solicitud,"Solicitud para cambiar/rectificar dirección de 
entrega del pedido",800203,Solicitud para cambiar/ rectificar dirección de entrega del pedido,"Crear caso HOLA

CATEX (HD) Indicar detalle que indica el cliente en la descripción del caso, más la nueva dirección (con la comuna y región correspondiente) de entrega que el cliente necesita recibir su pedido.","Compra CATEX (HD):

Te comento que debo registrar este caso para que el área especializada se comunique contigo☝️, y adicionalmente puedan revisar la información de entrega asociada a tu pedido para ver si este se encuentra en un estado que permita realizar el cambio de dirección solicitada. El plazo de resolución es de 3 días hábiles🤝.",0
c23,23,Mi Club,Acumulación pesos Mi Club,Cliente solicita hacer un traspaso de los PMC de cliente que acreditan que ha fallecido,Solicitud,"Solicitud para transferir acumulación de pesos Mi Club a 
otro Rut (Sólo en caso de fallecimiento del titular) 
(1300005)",1300005,Solicitud para transferir acumulación de Pesos Mi Club a otro Rut (sólo en caso de fallecimiento del titular),Crear un caso en HOLA,Como Lider empatizamos con tu pérdida. Es necesario registrar tu caso para que el área especializada se comunique contigo y te soliciten los antecedentes necesarios para gestionar tu solicitud. El plazo de resolución es de hasta 3 días hábiles.,0
c24,24,"Pagos, tarjetas y reembolsos",Medios de pago,"Cliente desea conocer qué medios de pago pueden utilizarse, tanto presencial como en la web",Consulta,Consultas por medios de pago disponibles (500001),500001,Consultas por medios de pago disponibles,"Lider Cliente hace alusión que no aparece opción de Webpay - Agregar glosa: Sin Webpay junto con lo que indica cliente 

Dudas de como inscribir su tarjeta dentro de la APP - Agregar Glosa: Inscripción OneClick junto a lo que indica el cliente","LIDER:
Los medios de pago disponibles en tienda física hoy en día son👇: 
- Dinero en efectivo 
- Tarjeta Lider BCI  
- Tarjetas de crédito  
- Tarjetas de débito  
- Pesos Mi Club 
- Beca JUNAEB 
- Tarjeta PLUXEE
- Tarjeta AMIPASS

Los medios de pago disponibles en Líder.cl y Líder APP hoy en día son👇:  
 - Tarjeta Lider BCI.  
- Webpay (Tarjetas de crédito y débito).  
- Oneclick – Pago rápido para tarjetas inscritas (Tarjetas de crédito y débito).  
- Click Fácil - Pago rápido para tarjetas inscritas (Tarjeta Líder BCI).  
- Pesos Mi Club.  

Cliente hace alusión a que no aparece opción de Webpay en LIDER APP
Te comento que con el fin de mejorar la experiencia de pago dentro de nuestra APP📲, ya no tenemos disponible la opción de Webpay plus, sólo contamos con pago con tarjetas inscritas mediante OneClick o Tarjeta Lider BCI💳. 

Por tu seguridad🙌, te comento que los datos de la tarjeta inscrita mediante OneClick son gestionados y almacenados únicamente por Transbank, por lo que Lider no guarda la información de tu tarjeta🤝. 

Si el cliente tiene dudas sobre cómo inscribir su tarjeta dentro de la APP
Al momento de ir a pagar dentro de la APP📲, debes escoger la opción “elige un medio de pago” y luego seleccionar “OneClick”☝️.  

Posteriormente, se abrirá una ventana, donde podrás inscribir tu tarjeta, ingresando el número de tarjeta, rut y confirmando tu correo electrónico. Luego selecciona “Inscribir mi tarjeta”💳.

Una vez registrada, se te realizará un cobro máximo de 50 pesos, el cual será reembolsado a tu tarjeta💳.  

Este proceso deberás realizarlo una única vez☺️, ya que para tus próximas compras, aparecerá el medio de pago ya inscrito dentro de la APP🤝.",0
c25,25,"Pagos, tarjetas y reembolsos",Problemas pago,Cliente reclama que se realizaron múltiples cobros y múltiples compras y solicita dejar solo una de ellas,Reclamo,,500302,Compra duplicada,Crear un caso en HOLA,"Según lo que me indicas, gestionaré tu requerimiento relacionado con doble compra. La devolución de tu dinero se podrá ver reflejada dentro del día o en un plazo máximo de 7 días hábiles🤝.",0
c25,25,"Publicidad, campañas y promociones",Publicidad,Cliente consulta acerca de cómo dejar de recibir correos promocionales de walmart.,Consulta,"Consulta sobre cómo dar de baja la publicidad 
recibida vía email (700408)",700408,Consultas sobre cómo dar de baja la publicidad recibida vía email,,"Te informo que para dejar de recibir emails con publicidad📨, deberás abrir uno de los correos publicitarios, pinchar en el enlace que está en la zona inferior ""Para anular su suscripción, haga clic aquí"" y te redirigirá a una página donde debes seleccionar qué publicidad quieres dejar de recibir (Mundo Lider, Informativos, Relacionales, Supermercado)🤝.",0
c27,27,Producto,Información y disponibilidad de productos,Cliente desea conocer disponibilidad de producto en sala o por internet,Consulta,Consultas sobre stock de productos (123079),123079,Consultas sobre stock de productos,,"Te comento que actualmente no podemos ver el stock de productos en línea. Es por eso que te recomiendo visitar nuestro sitio web Lider.cl, o bien ingresar a la LiderApp, donde puedes comprar con despacho a domicilio o Pickup🚚.",0
c28,28,"Pagos, tarjetas y reembolsos",Fraude,Cliente reclama desconocer un movimiento bancario (uso de tarjeta) o desconoce una compra que dice no haber realizado,Reclamo,,500701,Compra/cobro no reconocido por cliente,Crear un caso en HOLA,"Te informo que para todos los movimientos no reconocidos por ti debes comunicarte directamente con tu entidad financiera  y reportar esta situación, para que así puedan reembolsarte el dinero. Destacar que la responsabilidad es de tu entidad bancaria, pues la Ley de Fraude es entre el cliente y el banco, por lo que debes contactarte para informar la situación. Asegúrate de tener toda la información relevante al momento del contacto con tu banco cómo el monto, fecha y cualquier detalle que pueda ser util☝️.",0
c28,28,"Pagos, tarjetas y reembolsos",Tarjetas de regalo,"Cliente consulta por el uso, saldo, vigencia o condiciones de su tarjeta de regalo empresa",Consulta,Consultas sobre tarjeta de regalo empresa (500503),500503,Consultas sobre Tarjeta de regalo empresa,Derivar a Contact Tarjeta de regalo,"Te informo que, para gestiones relacionadas a Tarjeta de Regalo debes comunicarte directamente con el Call Center de Gift Card al número 📲600 600 8282 o bien, contactar a uno de estos correos👉: tarjetaempresas@2call.cl / giftcard@2call.cl.

Indicación para el ejecutivo: Si el cliente realizo una compra de PMC a través de alianza (por ejemplo: LATAM), utilizar causa <Compra no acumuló Pesos Mi Club>",0
c29,29,"Pagos, tarjetas y reembolsos",Tarjetas de regalo,"Cliente consulta por el uso, saldo, vigencia o condiciones de su tarjeta de regalo persona natural",Consulta,Consultas sobre tarjeta de regalo persona (500504),500504,Consultas sobre Tarjeta de regalo persona,Derivar a Contact Tarjeta de regalo,"Te informo que, para gestiones relacionadas a Tarjeta de Regalo debes comunicarte directamente con el Call Center de Gift Card al número 📲600 600 8282 o bien, contactar a uno de estos correos👉: tarjetaempresas@2call.cl / giftcard@2call.cl.

Indicación para el ejecutivo: Si el cliente realizo una compra de PMC a través de alianza (por ejemplo: LATAM), utilizar causa <Compra no acumuló Pesos Mi Club>",0
c30,30,Mi Club,Acumulación pesos Mi Club,Cliente reclama no haber acumulado PMC en compra online o presencial por problema sistémico o porque no se dictó/solicitó el rut en caja,Reclamo,,1300006,Compra no acumuló Pesos Mi Club,Crear un caso en HOLA,"Indicación para el ejecutivo: Antes de entregar una respuesta, realiza las siguientes preguntas al cliente:

Me podrías indicar por favor si☝️, ¿realizaste la compra en Lider?, ¿recuerdas la fecha de la compra?, ¿qué método de pago utilizaste?🤔.
  
*Inmediatamente debe seleccionar en el campo “canal de venta” la opción que corresponda*.
  
1. Lider, Express, Lider App y Lider.cl.
 
Escenario 1A: Compras físicas en Lider.

Importante:

Para compras físicas, nunca se debe crear un caso manualmente, ya que el caso de respaldo se genera automáticamente.

Indicación para el ejecutivo: Una vez identificada la compra como realizada en Lider o Express (compras físicas), se debe proceder de inmediato con la gestión de acumulación automática. Si todos los pasos se ejecutan correctamente, el sistema entregará una de las siguientes respuestas:

Respuesta 1 – Acumulación Exitosa:
¡Listo☺️! La acumulación de Pesos Mi Club se realizó con éxito. Gracias por tu preferencia💙.

Puedes ver los Pesos Mi Club reflejados en tus movimientos Mi Club: www.lider.cl/tu-cuenta/miclub📲. 

Respuesta 2 – No Aplica Acumulación:
La compra ya acumuló Pesos Mi Club☝️. Puedes ver los Pesos Mi Club reflejados en tus movimientos Mi Club: www.lider.cl/tu-cuenta/miclub📲.

Respuesta 3 – Aún no podemos confirmar la acumulación:
No pudimos confirmar la acumulación en este momento🙌. 
El caso fue derivado al equipo especialista para su revisión. El plazo de respuesta es de hasta 3 días hábiles🤝. 

Escenario 1B: Compras online en Lider App y Lider.cl.

Importante:

Aplica para compras realizadas a través de Lider App y Lider.cl.

Indicación para el ejecutivo:

Una vez identificada la compra como online, se debe validar el estado del pedido en el sistema HOLA.

Respuesta 1 – Estado distinto a ""Entregado"".
Se debe informar al cliente que los Pesos Mi Club se visualizarán en su cuenta una vez que la compra haya sido efectivamente entregada.

Indicación adicional: Tipificar el caso con la causa: ""Consultas generales sobre programa de Pesos Mi Club"".

Respuesta 2 – Estado ""Entregado"".
Se debe ingresar Tipificar el caso con la causa: ""Compra con rut no acumula pesos mi club” e informar al cliente que su caso fue derivado al equipo especialista para revisión.
El plazo de respuesta es de hasta 3 días hábiles.

Recordatorio:

Existe un tope mensual de acumulación de 200.000 Pesos Mi Club si la compra fue realizada con tarjeta Lider BCI.
Si el cliente ya alcanzó ese límite, no se generarán nuevas acumulaciones durante ese mes.

2. Alianzas dictando Rut:
Tipificar con la causa: Consultas alianzas con Mi Club (Convenios con otras empresas) o Problemas con alianza Mi Club, según corresponda.
 
3. Comercios Asociados con Lider BCI: El plazo de 10 días hábiles se cumplió, avanzar hasta el Escenario 3.  
  
Escenario 2: Aún no se cumplen los plazos mínimos.

*Plazos de acreditación*:

Compras en comercios asociados (CAS): hasta 10 días hábiles:
Comprendo🙌. Te pediría esperar el plazo estipulado, ya que los Pesos Mi Club pueden tardar hasta 10 días hábiles (CAS) en verse reflejados🤝.

Indicación para el ejecutivo: Recuerda tipificar con la causa: ""Consultas generales sobre programa de Pesos Mi Club"".
  
*Nota 1*: Otro medio de pago diferente a Lider BCI no tiene tope de acumulación.
 
*Nota 2*: Las siguientes compras son excepciones y no acumulan Pesos MI Club tales como compras de juegos de azar, gift cards, cigarrillos, la parte de la compra pagada con Pesos MI Club, pagos de cuentas de servicios básicos y compras asociadas a la Beca de Alimentación BAES.
  
Escenario 3: Compras en Comercios Asociados – Ya pasaron 10 días hábiles.

*Pregunta al cliente*:

¿En qué comercio realizaste la compra?  
  
3.1 Comercio excluido:   
Comprendo🙌. Te comento que es posible que tu compra corresponda a un rubro excluido. Puedes revisar el detalle completo en los Términos y Condiciones del programa Mi Club en www.tarjetaliderbci.cl.  
Los rubros excluidos incluyen: servicios financieros, combustible, recaudación, supermercados, casinos y juegos de azar, y grandes tiendas. En caso de consulta o duda adicional relacionado con tu tarjeta Líder BCI debe ser atendido a través del número 600 600 5757. También puedes aclarar tus dudas en https://tarjetaliderbci.cl/💻.

Indicación para el ejecutivo: Recuerda tipificar con la causa: ""Consultas generales sobre programa de Pesos Mi Club"".
 
*Nota 1*: En la descripción del caso declarar comercio excluido.
Ejemplo 1: “Combustible”, cliente mencionó Copec, Petrobras, o Shell. 
Ejemplo 2: “Grandes tiendas”, cliente mencionó Falabella, Ripley.
 
3.2 Comercio aplica (CAS) posible inyección de Pesos Mi Club:

Comprendo lo que me comentas🙌. Como ya han pasado los 10 días hábiles, te informo que, si el comercio donde realizaste la compra con tu tarjeta Líder BCI no está dentro de los comercios de excepción, en este caso el requerimiento relacionado con tu tarjeta Líder BCI debe ser atendido a través del número 600 600 5757. También puedes aclarar tus dudas en https://tarjetaliderbci.cl/💻.

Indicación para el ejecutivo: Recuerda tipificar con la causa: ""Consultas generales sobre programa de Pesos Mi Club"".",0
c30,30,Sitios web y apps Walmart,Navegación del sitio,"Cliente requiere ayuda u orientación, en la Web o App, para realizar compra. Ej. Cómo ingresar dirección, agregar productos, crearse cuenta, etc.",Consulta,,123094,Consulta por orientación en uso de app/web,,"1. ¿Cómo comprar? Liderapp, Lider.cl

a. Registro:
Si eres nuevo☝️, el primer paso es registrarte. Haz clic en ""Registrarse"" y completa la información necesaria. Posterior a esto, recibirás un código de verificación de cuenta a tu correo para poder hacer válida tu cuenta☺️.

b. Inicio de sesión

Lider App:

Si ya tienes una cuenta, simplemente inicia sesión con tu correo electrónico y contraseña. Posteriormente recibirás un código de seis dígitos al WhatsApp de tu número de teléfono y a tu correo, que deberás ingresar para hacer efectivo tu inicio de sesión. Este código tendrá validez de sólo un uso☝️.

Lider.cl/catálogo:
Si ya tienes una cuenta, inicia sesión con tu correo electrónico y contraseña, el código de seis dígitos enviado a tu correo asociado a la cuenta. Este código tendrá validez de sólo un uso☝️.

c.Explorando el Catálogo:
Puedes navegar a través de nuestras categorías para encontrar los productos que te interesan. También está disponible la barra de búsqueda para encontrar algo específico💻. 

d.Detalles del Producto:
Haz clic en un producto para obtener más detalles. Revisa la descripción, las especificaciones y las imágenes. Asegúrate de conocer todas las características antes de decidir☺️. 

e.Agregar al Carrito:
Si encontraste algo que te gusta, Haz clic en ""Agregar al Carrito"". Puedes ajustar la cantidad si es necesario🛒.
 
f.Revisar el Carrito:
Dirígete al carrito para revisar tus selecciones. Asegúrate de que todo esté correcto🛒. 

g.Proceso de Pago:
Cuando estés listo/a para pagar, haz clic en ""Ir a pagar"". Completa la información de pago y la dirección de envío/horario de retiro🚚.

Garantizamos la seguridad de tus datos. Asegúrate del monto total. Para nosotros es muy importante que revises el detalle de tu compra antes de aceptar el pago💳. 

h.Confirmación del Pedido:
Después de realizar el pago, recibirás una confirmación del pedido mediante el correo electrónico asociado a tu cuenta. Guarda ese número para futuras referencias📧. 

2.Dudas generales de sitio y de la App 

Lider.cl/catalogo

1.Catálogo de Lider (CATEX):
En el sitio podrás visualizar funcionalidades como ""Mi cuenta"", esta sección se encuentra en la esquina superior derecha y te permite iniciar sesión. Una vez que inicies sesión podrás ver las siguientes secciones👇: 

1.-""Mis pedidos"": En esta sección podrás encontrar el estado de tus pedidos, junto con la fecha estimada de entrega/retiro, N° de pedido y monto total de la compra🛒. 
2.- ""Medios de pago"": En esta sección podrás guardar los medios de pagos que utilices para poder realizar compras, es posible guardar hasta 24 tarjetas💳. 
3.- ""Información personal"": En esta sección podrás editar tus datos personales como: Nombre, teléfono, contraseña, género y fecha de nacimiento🪪.
4.- ""Mis direcciones"": En esta sección podrás guardar y eliminar las direcciones que utilices para recibir compras. Es posible guardar hasta 20 direcciones🚚. 
5.- ""Mis datos bancarios"": En esta sección podrás guardar los datos bancarios en caso de un reembolso que no haya podido efectuarse al medio de pago original de la compra🪪. 

2. Lider App:
En la App podrás revisar “Mi cuenta”. Una vez que lo selecciones verás lo siguiente👇:

Primera sección “Información personal”🪪.

1.- Mis datos: Podrás modificar los siguientes campos: Nombre, Apellidos, teléfono, género y fecha de nacimiento🪪. 
2.- Mis medios de pago: En esta sección podrás guardar los medios de pagos que utilices para poder realizar compra💳.
3.- Mis datos bancarios: En esta sección podrás guardar los datos bancarios en caso de un reembolso que no haya podido efectuarse al medio de pago original de la compra💳.
4.- Eliminar cuenta: Podrás eliminar tu cuenta. La solicitud de eliminación se hará efectiva en un máximo de 30 días hábiles🤝. 
Segunda sección “Pedidos” 🚚
5.- Mis Pedidos: Podrás revisar tus pedidos en curso o realizados, el estado del pedido, junto con la fecha y horario de entrega🚚. 
Tercera sección “Mi club” 
6.- Mis pesos mi club: Podrás ver los pesos mi club que tienes acumulados💻. 
Cuarta sección “Centro de ayuda” 
7.- Ayuda y contacto: Podrás encontrar los locales y horarios, el contacto de whatsapp y términos y condiciones, como también podrás reportar los errores que pueda presentar la App📲.

3.Lider Web

Indicación para el ejecutivo: Debes determinar si el cliente se encuentra en el sitio antiguo o en el nuevo aplicando las siguientes preguntas:

**Nota: También puedes identificar si el cliente está en el nuevo sitio de GLASS GR según cómo comienza su número de orden de compra: este inicia con 3, 4 o 7:

¿En la esquina superior derecha visualizas la sección “Ingresar a Mi Cuenta”? 

A.- Si la respuesta es ""NO"":
A través de la LiderAPP📲 podrás visualizar funcionalidades como ""Mi cuenta"", esta sección se encuentra en la esquina superior derecha y te permite iniciar sesión. Una vez que inicies sesión podrás ver información de la cuenta e historial de pedidos🚚. 

B.- Si la respuesta es ""SI"":
En la Web podrás revisar “Mi cuenta”. Una vez que lo selecciones verás lo siguiente👇:

Primera sección “Información personal”🪪.
1.- Mis datos: Podrás modificar los siguientes campos: Nombre, Apellidos, teléfono, género y fecha de nacimiento🪪. 
2.- Mis medios de pago: En esta sección podrás guardar los medios de pagos que utilices para poder realizar compra💳.
3.- Mis datos bancarios: En esta sección podrás guardar los datos bancarios en caso de un reembolso que no haya podido efectuarse al medio de pago original de la compra💳.
Segunda sección “Pedidos” 🚚
4.- Mis Pedidos: Podrás revisar tus pedidos en curso o realizados, el estado del pedido, junto con la fecha y horario de entrega🚚. 
Tercera sección “Mi club” 
5.- Mis pesos mi club: Podrás ver los pesos mi club que tienes acumulados💻. 
Cuarta sección “Centro de ayuda” 
6.- Ayuda y contacto: Podrás encontrar los locales y horarios, el contacto de whatsapp y términos y condiciones, como también podrás reportar los errores que pueda presentar la Web📲.

3. ¿Cliente necesita saber como comprar en Carrito Listo?

Te daré una serie de instrucciones para que puedas comprar en Carrito Listo👇:
Primero, al ingresar a la Lider app podrá visualizar un banner con la invitación para usar ""Carrito listo""🛒.
Al seleccionar la opción, podrá entender cómo funciona ""Carrito listo"" y adicionalmente probarlo.
Luego, al seleccionar ""Probar carrito listo"" se cargará una vista previa con los productos que podría necesitar, en caso de que quiera agregar todos o uno de los productos debe presionar ""Agregar productos al carro"".
Finalmente, cuando agregue los productos al carro solo deberá presionar ""Ir a pagar"" para finalizar con la compra☝️.",0
c31,31,"Publicidad, campañas y promociones",Publicidad,Cliente reclama que alguna de las campañas podría tener mensajes o imágenes que considera inadecuada/inapropiada,Reclamo,Contenido inadecuado en la campaña (700103),700103,Contenido inadecuado en la campaña,Crear un caso en HOLA,Te comento que en Lider nos preocupamos por nuestros clientes. Informaré al área correspondiente de la tienda para solucionarlo a la brevedad. Por favor indícame tu Rut para dejar registro de este contacto🤝.,0
c32,32,Producto,Servicio Técnico,Cliente reporta una demora en el proceso de diagnóstico o reparación de un producto con falla,Reclamo,Demora en la reparación/diagnóstico de la falla del producto (600801)​,600801,Demora en la reparación - Diagnóstico de la falla del producto,Crear un caso en HOLA,Te comento que en Lider nos preocupamos por nuestros clientes. Informaré al área correspondiente de la tienda para solucionarlo a la brevedad. Por favor indícame tu Rut para dejar registro de este contacto🤝.,0
c35,35,"Despacho, entrega y estado del pedido",Pedido no entregado,"Cliente reclama que el pedido aún no ha sido recibido por cliente, pero este aparece en el sistema en estado entregado",Reclamo,Desconocimiento en entrega de pedido (800308),800308,Desconocimiento en entrega de pedido,Crear un caso en HOLA,"SOD / CATEX (MKTP), cliente indica que le ha llegado un correo o notificación que su pedido ha sido entregado, siendo que NO lo ha recibido:
Te comento que estoy revisando en nuestro sistema y tienes las siguientes compras: XXXX🛒.
¿A qué compra corresponde? , ¿te acuerdas la fecha en la que realizaste la compra? 🤔

(Respuesta cliente) 

1. Si existen evidencias que acrediten que la entrega del pedido fue realizada:
Te informo que según nuestro sistema, tu pedido fue entregado el día XXXX a las XX:XX a (nombre de quién recibe el pedido) en la dirección (dirección de entrega), donde notamos que (observaciones adicionales – solo si se tienen):
Con esta información, ¿me podrías validar si se ha hecho o no la entrega de tu pedido? 🙌

(Respuesta cliente)

Cliente confirma que efectivamente el pedido fue recibido:

Debido a la validación realizada, te informo que registraré este caso acerca de lo que revisamos durante esta atención💻. 

2. Si el cliente aún declara que NO ha recibido el pedido, o NO existen evidencias que acrediten la entrega:
Te comento que debo registrar este caso para que el área especializada se comunique contigo y pueda gestionar la devolución del dinero según corresponda. El plazo de resolución es de 3 días hábiles🤝.",0
c36,36,"Publicidad, campañas y promociones",Promociones,"Cliente denuncia que la publicación de un producto es incorrecta o incompleta, sin tener compra asociada",Reclamo,Descripción del producto incorrecta - sin compra (1000504),1000504,Descripción del producto incorrecta - sin compra,"Crear un caso en HOLA 

Escribir en la descripción, el nombre de la página web junto con lo que indica el cliente.","Para poder ingresar el detalle del caso, es necesario que me comentes. ¿En qué sitio web lo visualizaste exactamente?🤔. 

1. LiderApp:
La información será enviada al área de operaciones, con el fin de que puedan detectar oportunidades de mejoras🤝.  

2. Lider.cl:
¿En la sección de “Supermercado” o “Mundo Lider”?🤔

a. Si el cliente responde “Supermercado”:
La información será enviada al área de operaciones, con el fin de que puedan detectar oportunidades de mejoras🤝.  

 *Escribir en la descripción “SOD” junto con lo que indica el cliente 

b. Si el cliente responde “Mundo Lider”:
La información será enviada al área de operaciones, con el fin de que puedan detectar oportunidades de mejoras🤝.  

*Escribir en la descripción “CATEX” junto con lo que indica el cliente",0
c39,39,"Pagos, tarjetas y reembolsos",Reembolso,Cliente denuncia que se realizó una devolución de dinero por un monto incorrecto (usualmente menor al que se había reclamado),Reclamo,Devolución de dinero por un monto distinto (500105)​,500105,Devolución de dinero por un monto distinto,Crear un caso en HOLA,"Según lo que me indicas, gestionaré tu requerimiento relacionado con una devolución de dinero incorrecta. El plazo de resolución es de 3 días hábiles🤝.",0
c41,41,"Pagos, tarjetas y reembolsos",Reembolso,"Cliente reclama que posterior al plazo de devolución declarado, no cuenta con el saldo de dinero en su cuenta",Reclamo,Devolución no abonada (500104),500104,Devolución no abonada,"Crear un caso en HOLA 

Hacer clic en ‘detalle de la compra’ / ingresar a la sección ‘Pago/devolución’. Si se corrobora el estado de la Devolución de Dinero solicitado en el sistema.","1.- No existen devoluciones o No se visualiza la devolución en HOLA:
Comprendo. Te comento que no se visualiza en el sistema la información requerida💻. Por este motivo, hemos generado un caso para su gestión. La devolución de tu dinero se podrá ver reflejada dentro del día o en un plazo máximo de 7 días hábiles🤝.

2.- Se visualiza la devolución en HOLA (estado realizada): Han transcurrido 7 días hábiles desde la fecha de ingreso de la devolución y el cliente insiste en que su devolución NO está reflejada en su cuenta:
Te comento que esta devolución está registrada en el sistema con fecha 👉XXXX, la cual se realizó al mismo medio de pago con que realizaste la compra. Según nuestro sistema, fue a la tarjeta finalizada en los números XXXX💳. Te recomiendo buscar la devolución por el valor devuelto, que en este caso corresponde al monto de $XXXX.
¿Podrías por favor revisar ahora en línea la información para verificar si tienes la devolución de dinero o prefieres hacerlo en otro momento?🙌

2.1 - Si visualiza en línea la información y SI la encuentra:
(Ingresar caso de 'consulta estado devolución de dinero'):
Gracias por realizar la verificación en línea🤝. De todas maneras, debo informarte que registraré este caso acerca de lo que solicitaste durante esta atención🖥️.

2.2 – Si visualiza en línea la información y NO encuentra:
Comprendo🙌, dado que en nuestro sistema la devolución figura realizada, estoy ingresando un caso para revisar si detectamos algún inconveniente. Te estaremos contactando para informarte el resultado de esta auditoría🤝.

2.3 - No quiere revisar en línea la información:
(Ingresa caso de "" Consulta por estado de devolución de dinero""):
Entiendo🙌. Dado que en nuestro sistema la devolución figura realizada, te comento que sólo puedo dejar registro de esta atención💻. Si una vez revisada la información no figura el abono, te  recomiendo consultar la situación directamente con tu institución bancaria💳.",0
c42,42,"Pagos, tarjetas y reembolsos",Reembolso,"Cliente reclama que posterior al plazo de devolución declarado, no cuenta con el saldo de PMC en su cuenta",Reclamo,Devolución pesos mi club no abonada (500108)​,500108,Devolución pesos mi club no abonada,Crear un caso en HOLA,"1.- No existen devoluciones o No se visualiza en historial de casos la devolución/compensación en HOLA:
Comprendo. Te comento que no se visualiza en nuestro sistema la información requerida, por lo que voy a generar un caso para revisar si corresponde inyección de pesos Mi Club. El plazo de resolución es de 5 días🤝. 

2.- Se visualiza la devolución en HOLA (cerrado):

Indicación para el ejecutivo: Han transcurrido 5 días desde la fecha de ingreso de la devolución y el cliente insiste en que su devolución NO está reflejada en su cuenta:

Te comento que esta devolución está registrada en el sistema con fecha XX/XX/XXXX. ¿Podrías por favor revisar ahora en línea la información para verificar si tienes la devolución o prefieres hacerlo en otro momento?🤔.

2.1 - Si visualiza en línea la información y SI la encuentra:

Indicación para el ejecutivo: (Ingresar el caso como ""Consulta de resolución caso cerrado""):

Gracias por realizar la verificación en línea. De todas maneras, debo informarte que registraré este caso acerca de lo que solicitaste durante esta atención🤝.

2.2 – Si visualiza en línea la información y NO encuentra:
Comprendo, dado que en nuestro sistema la devolución figura realizada, estoy ingresando un caso para revisar si detectamos algún inconveniente. Te estaremos contactando para informarte el resultado de esta auditoría🤝.

2.3 - No quiere revisar en línea la información:

Indicación para el ejecutivo: (Ingresar el caso como ""Consulta de resolución caso cerrado""):

Entiendo. Dado que en nuestro sistema la devolución figura realizada, te comento que sólo puedo dejar registro de esta atención🤝.",0
c44,44,"Pagos, tarjetas y reembolsos",Reembolso,Cliente reclama que después de emitido el cobro se percata que el producto tuvo un costo por un monto diferente al publicado/fleje,Reclamo,,500305,Diferencia de precio,Crear un caso en HOLA,"Según lo que me indicas, gestionaré tu requerimiento relacionado con la diferencia en el precio del producto adquirido. El plazo de resolución es de 3 días hábiles🤝.",0
c47,47,"Pagos, tarjetas y reembolsos",Costa Rica - Problemas de pago,Cuando el cliente se comunique para reclamar debido que se realizo un cobro duplicado por su compra en su tarjeta crédito (sólo sala).,Reclamo,Doble cobro crédito (123020)​,123020,Doble cobro crédito,Crear un caso en HOLA,"Compra Sala:

Indicación para el ejecutivo: Si el cliente indica que se le realizaron dos o más cobros en su tarjeta por compras realizadas presencialmente en sala:

Comprendo lo que me informas 🙌. Te comento que debes acercarte al Centro de soluciones o Servicio al cliente del local donde se te realizaron los cobros. Adicionalmente, si el cobro fue realizado en tu tarjeta crédito, debes presentar un documento/imagen donde se vea reflejado el cobro, logo de banco, nombre dueño de la cuenta.
De todas maneras, debo informarte que registraré este caso acerca de lo que revisé durante esta atención🤝.

Ecommerce:

Indicación para el ejecutivo: Aplica Script y causa Compra duplicada (500302):

**Causa para uso en sala, no ingresar por Contact Center**",0
c48,48,"Pagos, tarjetas y reembolsos",Costa Rica - Problemas de pago,Cuando el cliente se comunique para reclamar debido que se realizo un cobro duplicado por su compra en su tarjeta débito (sólo sala).,Reclamo,Doble cobro débito (123021)​,123021,Doble cobro débito,Crear un caso en HOLA,"Compra Sala:

Indicación para el ejecutivo: Si el cliente indica que se le realizaron dos o más cobros en su tarjeta por compras realizadas presencialmente en sala:

Comprendo lo que me informas 🙌. Te comento que debes acercarte al Centro de soluciones o Servicio al cliente del local donde se te realizaron los cobros. Adicionalmente, si el cobro fue realizado en tu tarjeta crédito, debes presentar un documento/imagen donde se vea reflejado el cobro, logo de banco, nombre dueño de la cuenta.
De todas maneras, debo informarte que registraré este caso acerca de lo que revisé durante esta atención🤝.

Ecommerce:

Indicación para el ejecutivo: Aplica Script y causa Compra duplicada (500302)

**Causa para uso en sala, no ingresar por Contact Center**",0
c49,49,Atención a clientes,Comunicación contact center,Cliente reclama por mala/falta de atención por parte del ejecutivo del contact center,Reclamo,Ejecutivo no contesta o no atiende (100005),100005,Ejecutivo no contesta o no atiende,Crear un caso en HOLA,Te comento que en Lider nos preocupamos por nuestros clientes. Informaré al área correspondiente para solucionarlo a la brevedad. Por favor indícame tu Rut para dejar registro de este contacto🤝.,0
c53,53,Daños físicos y/o daños materiales,Daño físico,Local ingresa caso por procedimiento sobre fallecimiento de cliente,Reclamo,Fallecimiento de cliente (161004)​,161004,Fallecimiento de cliente,Crear un caso en HOLA,"A nombre de Walmart Chile queremos entregarte nuestro más sentido pésame. Igualmente quiero informarte que indagaremos respecto del o los hechos que motivaron esta fatal situación, de esta forma te pido que me facilites tu Rut e indícame el local donde ocurrió el suceso para generar un caso que permita iniciar las gestiones correspondientes.  

(Respuesta cliente) 

Te contactaremos en un plazo máximo de 2 semanas para informarte la respuesta a este caso. Sentimos profundamente tu pérdida.",0
c54,54,Funcionamiento y Entorno de Local/CD,Sala,Cliente reclama que la sala de venta y/o sus alrededores puede presentar problemas de aseo o higiene,Reclamo,,201601,"Falta de aseo, higiene y/o condiciones sanitarias del local",Crear un caso en HOLA,Te comento que en Lider nos preocupamos por nuestros clientes. Informaré al área correspondiente para solucionarlo a la brevedad. Por favor indícame tu Rut para dejar registro de este contacto🤝.,0
c59,59,Atención a clientes,Personal Walmart,Cliente desea dejar constancia de falta de higiéne o mala presentación de algun colaborador,Reclamo,Falta de higiene orden en presentación personal del colaborador (300003),300003,Falta de higiene/orden en presentación personal del colaborador,Crear un caso en HOLA,Te comento que en Lider nos preocupamos por nuestros clientes. Informaré al área correspondiente para solucionarlo a la brevedad. Por favor indícame tu Rut para dejar registro de este contacto🤝.,0
c60,60,Atención a clientes,Personal Walmart,Cliente desea dejar constancia de falta de personal disponible para atender,Reclamo,,201403,Falta de personal en tienda,Crear un caso en HOLA,Te comento que en Lider nos preocupamos por nuestros clientes. Informaré al área correspondiente para solucionarlo a la brevedad. Por favor indícame tu Rut para dejar registro de este contacto🤝.,0
c63,63,"Publicidad, campañas y promociones",Promociones,Cliente reclama que campaña o promoción no tiene disponibilidad en tienda o web,Reclamo,Falta stock de producto en promoción (700401)​,700401,Falta stock de producto en promoción,Crear un caso en HOLA,Te comento que en Lider nos preocupamos por nuestros clientes. Informaré al área correspondiente para solucionarlo a la brevedad. Por favor indícame tu Rut para dejar registro de este contacto🤝.,0
c64,64,"Publicidad, campañas y promociones",Promociones,Cliente reclama que no se encuentran los productos buscados para realizar la compra tanto en sala como en la web,Reclamo,Falta variedad/surtido de productos (600501)​,600501,Falta variedad/surtido de productos,Crear un caso en HOLA,"Agradezco tu comentario, ya que con esta información nos ayudas a mejorar la experiencia que te brindamos como nuestro cliente. La información será enviada al área de operaciones, con el fin de que puedan detectar oportunidades de mejoras🤝.",0
c65,65,Funcionamiento y Entorno de Local/CD,Zona asistida,Cliente reclama por larga espera para ser atendido dentro de la sala de venta,Reclamo,,200609,Largas filas de espera de atención en sala de venta,Crear un caso en HOLA,Te comento que en Lider nos preocupamos por nuestros clientes. Informaré al área correspondiente para solucionarlo a la brevedad. Por favor indícame tu Rut para dejar registro de este contacto🤝.,0
c66,66,Funcionamiento y Entorno de Local/CD,Sala,"Cliente reclama que en la sala de venta hay desorden, ya sea de productos, flejes, mercadería, pallets, etc.",Reclamo,,201503,Desorden en la sala de venta,Crear un caso en HOLA,Te comento que en Lider nos preocupamos por nuestros clientes. Informaré al área correspondiente para solucionarlo a la brevedad. Por favor indícame tu Rut para dejar registro de este contacto🤝.,0
c67,67,Atención a clientes,Personal Walmart,Cliente manifiesta descontento (sin llegar a sentirse discrimado) por la solicitud de boleta para revisar la compra a la salida del local,Reclamo,Guardia solicita revisión de boleta al salir del local (200809)​,200809,Guardia solicita revisión de boleta al salir del local,Crear un caso en HOLA,"En Lider, nuestra prioridad es ofrecerte una experiencia excepcional. La seguridad es un pilar fundamental para nosotros, por lo que queremos informarte que nuestros guardias pueden solicitar la boleta de compra de manera aleatoria. Es importante destacar que mostrar la boleta es completamente voluntario y se realiza únicamente para garantizar un ambiente protegido en nuestros locales🤝.",0
c68,68,Daños físicos y/o daños materiales,Daño físico,Cliente reclama humillación/ofensa por personal. Si es molestia por solicitud de boleta sin discriminación use Guardia solicita revisión de boleta,Reclamo,Reclamo,161006,Incidente de cliente con trato vejatorio (Maltrato/ agresión/ discriminación/ acoso),Crear un caso en HOLA,"El bienestar de nuestros clientes es una prioridad y nosotros como empresa repudiamos la situación que describes y no avalamos ni toleramos este tipo de comportamientos que se alejan de nuestros valores como organización. Para poder iniciar con las gestiones correspondientes, por favor. ¿Me podrías enviar tu Rut e indicar el local donde ocurrió lo que me estás comentando para dejar registro de lo sucedido? 🖥️

(Respuesta cliente) 

Por favor, espérame un momento. Ingresaré la información🙌. 
De acuerdo a lo que me comentas, te estaremos contactando en un máximo de 7 días hábiles, para responder a tu caso🤝.",0
c69,69,Daños físicos y/o daños materiales,Daño material,Cliente reclama haber sufrido robo a sus pertenencias,Reclamo,Incidente de cliente con robos (161005),161005,Incidente de clientes con robos,Crear un caso en HOLA,"El bienestar de nuestros clientes es una prioridad y nosotros como empresa repudiamos la situación que describes y no avalamos ni toleramos este tipo de comportamientos que se alejan de nuestros valores como organización. Para poder iniciar con las gestiones correspondientes, por favor. ¿Me podrías enviar tu Rut e indicar el local donde ocurrió lo que me estás comentando para dejar registro de lo sucedido? 

(Respuesta cliente) 

De acuerdo a lo que me comentas, te estaremos contactando en un máximo de 7 días hábiles, para responder a tu caso🤝.",0
c70,70,Producto,Garantía de satisfacción,Cliente reclama que le cambiaron un producto sin su consentimiento el cual no es de su agrado o no cumple con la sustitución,Reclamo,Inconformidad con producto sustituido en pedido (800407),800407,Inconformidad con producto sustituido en pedido,"Crear un caso en HOLA

SOD, revisa en HOLA si producto fue sustituido por otro de características similares e indícale al cliente, si no está conforme ingresa un caso “Inconformidad con producto sustituido en pedido” (800407) junto con detalle.

*Si el monto de compra es menor a $1.000 se devolverá como pesos Mi club (excepto pagos con T Lider).","SOD (Mismo Script para 2 casos)

1. El cliente se comunica indicando que le llego un producto distinto al que se acordó en la llamada:

Indicación para el ejecutivo: En HOLA el campo “Respuesta cliente” dice lo siguiente “Acepta sustitutos”, pero él nos comenta que no llego el producto acordado. 

2. El cliente se comunica indicando que no está conforme con los sustitutos que le entregaron:

Indicación para el ejecutivo: En HOLA el campo “Respuesta cliente” dice lo siguiente “Sin datos”:

Te comento que debo registrar este caso para poder gestionar la devolución de tu dinero y se podrá ver reflejada dentro del día o en un plazo máximo de 7 días hábiles🤝. 

CATEX (Pickup / HD)* No aplica",0
c71,71,"Pagos, tarjetas y reembolsos",Compensación reactiva,Cliente denuncia que se le prometió una compensación que aún no ve reflejada en su cuenta.,Reclamo,Incumplimiento de compensación (500201),500201,Incumplimiento de compensación,Crear un caso en HOLA,"Según lo que me indicas, gestionaré tu requerimiento relacionado con el incumplimiento en la compensación previamente ofrecida. El plazo de resolución es de 3 días hábiles🤝.",0
c73,73,Funcionamiento y Entorno de Local/CD,Horarios e información,Cliente reclama que el local no cumple con los horarios establecidos de apertura/cierre informados,Reclamo,,201303,Incumplimiento de horario de apertura/cierre del local,Crear un caso en HOLA,Te comento que en Lider nos preocupamos por nuestros clientes. Informaré al área correspondiente para solucionarlo a la brevedad. Por favor indícame tu Rut para dejar registro de este contacto🤝.,0
c75,75,Normativas legales y políticas internas,Normativas legales y políticas internas,Cliente reporta que Walmart sigue llamando/enviando comunicación posterior a la petición de No Molestar en SERNAC,Reclamo,Incumplimiento de peticiones No molestar SERNAC (900011),900011,Incumplimiento de peticiones no molestar sernac,Crear un caso en HOLA,Te comento que en Lider nos preocupamos por nuestros clientes. Informaré al área correspondiente para solucionarlo a la brevedad. Por favor indícame tu Rut para dejar registro de este contacto🤝.,0
c76,76,"Despacho, entrega y estado del pedido",Retiro de productos,Cliente reclama que la fecha de compromiso para el retiro o cambio de producto en el domicilio del cliente fue incumplida,Reclamo,,800410,Incumplimiento de retiro de producto en domicilio,"CATEX (HD) Ingresar un caso de “Incumplimiento de retiro de producto en domicilio” (800410) con la siguiente resolución: ""Reagendamiento de retiro” - Glosa: “No se realiza retiro coordinado anteriormente"" y continúa detallando toda la información indicada.

MKTP cliente indicada que NO le han ido a retirar su producto, realiza una nueva coordinación de retiro en Enviame e ingresa un caso de “Incumplimiento de retiro de producto en domicilio” (800410) con la siguiente resolución: Reagendamiento de retiro” - Glosa: “No se realiza retiro coordinado anteriormente"" y continúa detallando toda la información indicada.","CATEX:

Te comento que voy a registrar este caso para que el área especializada se comunique contigo y pueda coordinar una nueva fecha de retiro. El plazo de resolución es de 3 días hábiles🤝.

MKTP:

Te comento que para este caso me figuran dos opciones disponibles👇:

1. Entrega directa en tienda:
Puedes acercarte a cualquiera de nuestras tiendas 🛍️HIPER LIDER o LIDER EXPRESS (excepto Express 400) y entregar el producto en el área de Servicio al Cliente.
Una vez realizada la entrega, se generará automáticamente la devolución del dinero al mismo medio de pago utilizado en tu compra💳. En la tienda se te entregará un comprobante con los detalles de la devolución🤝.

2. Nueva coordinación de retiro:
Te comento que voy a registrar este caso para que el área especializada se comunique contigo y pueda coordinar una nueva fecha de retiro. El plazo de resolución es de 3 días hábiles🤝.",0
c77,77,"Despacho, entrega y estado del pedido",Pedido no entregado,"Cliente reclama que pedido está fuera de ventana aún no entegado (HD), entregado anticipado (HD) o no disponible para retiro al inicio de ventana (PU)",Reclamo,Incumplimiento en entrega de pedido (800301),800301,Incumplimiento en entrega de pedido,"SOD Y CATEX Revisar en Beetrack y HOLA la Fecha de entrega – Lugar de entrega – Quién recibe – Fotografías)

MARKETPLACE Revisar en Envíame y HOLA la Fecha de entrega – Lugar de entrega – Quién recibe – Fotografías)d

Buscar y cancelar OC en Excalibur","SUPERMERCADO: Home delivery (HD) o Pickup (PU)

Revisar estado del pedido en HOLA.

1. ESTADO ""SOLICITUD DE COMPRA RECIBIDA""

CASO 1: CLIENTE QUIERE EL PEDIDO

Indicación para el ejecutivo:

Ingresar reclamo por <incumplimiento en entrega de pedido> con Resolución elegida por el cliente <Reagendar pedido> (Caso pasa al BackOffice):
Te comento que ingresé el caso para poder reagendar tu pedido. El plazo de resolución es de 1 día hábil🤝.

CASO 2: CLIENTE NO QUIERE EL PEDIDO

Indicación para el ejecutivo:

Ingresar a Excalibur, realizar la cancelación e ingresar reclamo por <Incumplimiento en entrega de pedido> con Resolución elegida por el cliente <Anulado en primer contacto>:
Te informo que realicé la cancelación de la compra y la devolución de tu dinero se podrá ver reflejada dentro del día o en un plazo máximo de 7 días hábiles🤝.

2. ESTADO ""PEDIDO EN PREPARACIÓN""/""PEDIDO PREPARADO""/""PEDIDO EN CAMINO""     

CASO 1: CLIENTE QUIERE EL PEDIDO

Indicación para el ejecutivo:

Ingresar reclamo por <incumplimiento en entrega de pedido> con Resolución elegida por el cliente <Información de pedido> (Cierre automático).

Pedido HD:

Te comento que tu pedido será entregado en las dos horas posteriores al compromiso inicial.
De igual forma, estaremos informándote a tu Whatsapp y correo el estado de tu pedido🤝.

Pedido PU

En preparación:

Te comento que tu pedido estará listo para retiro dentro de las dos horas posteriores al compromiso inicial.
De igual forma, estaremos informándote a tu Whatsapp y correo el estado de tu pedido y cuándo podrás retirarlo🤝.

Preparado/Listo para retiro:

Te comento que tu pedido ya se encuentra listo para retiro. Tienes 24 horas para poder retirarlo, en caso de que no lo retires, a las 72 horas se procederá con la anulación y posterior devolución de dinero☝️.

CASO 1.1: CLIENTE QUIERE EL PEDIDO PERO NO LE SIRVE PRÓXIMA VENTANA

Indicación para el ejecutivo:

Ingresar reclamo por <incumplimiento en entrega de pedido> con Resolución elegida por el cliente <Re agendar pedido>

CASO 2: CLIENTE NO QUIERE EL PEDIDO:
Te comento que ingresé el caso para reagendar tu pedido. El plazo de resolución es de 1 día hábil, donde te contactarán y concretarán la nueva fecha☝️.

Pedido HD

Indicación para el ejecutivo:

Ingresar reclamo por <Incumplimiento en entrega de pedido> con Resolución elegida por el cliente <Anulación del pedido>:
Te comento que ingresé el caso para anular tu pedido. En caso de que la compra sea despachada, deberás rechazar la entrega para que siga el proceso de reembolso. La devolución de tu dinero se podrá ver reflejada en un plazo máximo de 7 días hábiles🤝.

Pedido PU

Indicación para el ejecutivo:

Ingresar reclamo por <Incumplimiento en entrega de pedido> con Resolución elegida por el cliente <Anulación del pedido>:
Te informo que ingresé el caso para anular tu pedido. La devolución de tu dinero se podrá ver reflejada dentro del día o en un plazo máximo de 7 días hábiles🤝.

3. ESTADO ENTREGADO

CASO 1: CLIENTE RECLAMA POR INCUMPLIMIENTO EN ENTREGA: ANTES O DESPUÉS DE LA FECHA DE COMPROMISO

Indicación para el ejecutivo:

Ingresar reclamo por <Incumplimiento en entrega de pedido> con resolución elegida por el cliente <Compensar por entrega anticipada/tardia del pedido>

CASO 2: CLIENTE DESCONOCE ENTREGA

Indicación para el ejecutivo:

Dirigirse a Script <Desconocimiento en entrega de pedido (800308)>

CATÁLOGO Y PUNTO DE COMPRA: Home delivery (HD) o Pickup (PU)
Revisar estado del pedido en HOLA.

HD o PU Catex Y Punto de Compra– Pedido en estado “no entregado” y adicional el cliente realiza el reclamo después de la fecha comprometida:
Te comento que tu pedido se encuentra en estado {estado} y dado que hay un incumplimiento en la fecha de compromiso que era para el {indicar día – horario de entrega}, ¿desea que sea reprogramado o prefieres que se realice la cancelación?🤔.

CASO 1: CLIENTE QUIERE EL PEDIDO

Pedido HD:

Indicación para el ejecutivo:

Ingresar reclamo por <Incumplimiento en entrega de pedido> con Resolución elegida por el cliente <Reagendar pedido>:
Te comento que ingresé el caso para reagendar tu pedido. El plazo de resolución es de 3 días hábiles, donde te contactarán y concretarán la nueva fecha. De igual forma, contamos con 3 intentos de entrega consecutivos en caso de que no te encuentres en el domicilio☝️.

Pedido PU:

Indicación para el ejecutivo:

Ingresar reclamo por <Incumplimiento en entrega de pedido> con Resolución elegida por el cliente <Reagendar pedido>:
Te comento que ingresé el caso para reagendar tu pedido. El plazo de resolución es de 3 días hábiles, donde te contactarán y concretarán la nueva fecha. De igual forma, una vez llegue el pedido al local, cuentas con 10 días para poder hacer el retiro☝️.

CASO 2: CLIENTE NO QUIERE EL PEDIDO

PEDIDO PUNTO DE COMPRA (PDC):

Indicación para el ejecutivo:

Cuando el pedido corresponda a un Punto de Compra, se deberá gestionar el retiro del producto y una vez completado este proceso, se realizará la devolución del dinero.
Ingresar reclamo por <Incumplimiento en entrega de pedido> con Resolución elegida por el cliente <Anulación del pedido>:

Pedido HD:

En caso de que la compra sea despachada, deberás rechazar la entrega para que siga el proceso de reembolso. La devolución de tu dinero se podrá ver reflejada dentro del día o en un plazo máximo de 7 días hábiles🤝.

Pedido PU:

Te comento que ingresé el caso para anular tu pedido. La devolución de tu dinero se podrá ver reflejada en un plazo máximo de 7 días hábiles🤝.

Indicación para el ejecutivo:

Estado: PRE-PICKING (Sin boleta)

Dependiendo del método de pago la devolución será:

a) Tarjeta de Crédito y Tarjeta de Débito, la devolución es al mismo medio de pago:
Adicionalmente, te comento que tu devolución será realizada al mismo medio de pago que utilizaste☝️.

b) Efectivo y Tarjeta líder BCI, la devolución será realizada por transferencia:
Adicionalmente, te comento que tu devolución será realizada por transferencia, por lo que te recomiendo tener actualizados tus datos bancarios en su cuenta Lider☝️.

Estado: POS-PICKING (Con Boleta)

a) Efectivo será al mismo medio de pago y tendrá que derivarse a local:
Adicionalmente, te comento que tu devolución será realizada al mismo medio de pago, por lo cual deberás dirigirte al local para su devolución☝️.

b) Tarjeta de Crédito y Tarjeta de Débito, la devolución es al mismo medio de pago: 
Adicionalmente, te comento que tu devolución será realizada al mismo medio de pago que utilizaste☝️.

c) Tarjeta líder BCI transferencia. 
Adicionalmente, te comento que tu devolución será realizada por transferencia, por lo que te recomiendo tener actualizados los datos bancarios en tu cuenta Lider☝️.

CATEX

Pedido HD

Indicación para el ejecutivo:

Ingresar reclamo por <Incumplimiento en entrega de pedido> con Resolución elegida por el cliente <Anulación del pedido>:
En caso de que la compra sea despachada, deberás rechazar la entrega para que siga el proceso de reembolso. La devolución de tu dinero se podrá ver reflejada dentro del día o en un plazo máximo de 7 días hábiles🤝.

Pedido PU:

Indicación para el ejecutivo:

Ingresar reclamo por <Incumplimiento en entrega de pedido> con Resolución elegida por el cliente <Anulación del pedido>:
Te comento que ingresé el caso para anular tu pedido. La devolución de tu dinero se podrá ver reflejada en un plazo máximo de 7 días hábiles🤝.",0
c78,78,Normativas legales y políticas internas,Normativas legales y políticas internas,"Cliente reporta que Walmart incumple en políticas, garantías, textos legales de campañas o términos y condiciones.",Reclamo,"Incumplimiento política, término y condiciones (900002)",900002,"Incumplimiento política, término y condiciones",Crear un caso en HOLA,"Agradezco tu comentario. Con esta información nos ayudas a mejorar la experiencia que te brindamos como nuestro cliente. La información será enviada al área de operaciones, con el fin de que puedan detectar oportunidades de mejora🤝.",0
c80,80,Sitios web y apps Walmart,Navegación del sitio,"Cliente reclama que en el sitio web hay información incorrecta sobre el contacto, dirección, horario, etc. de funcionamiento de local",Reclamo,Información errónea o incompleta sobre el local en el sitio (201304),201304,Información errónea o incompleta sobre el local en el sitio,Crear un caso en HOLA,Te comento que en Lider nos preocupamos por nuestros clientes🙌. Informaré al área correspondiente para solucionarlo a la brevedad. Por favor indícame tu Rut para dejar registro de este contacto🤝.,0
c81,81,"Despacho, entrega y estado del pedido",Problemas con la entrega,Cliente reclama que el tiempo para retirar su pedido en Pick Up fue excesivo,Reclamo,Larga espera al realizar el retiro de compra pickup (800411),800411,Larga espera al realizar el retiro de compra pickup,Crear un caso en HOLA,"Trabajaremos para mejorar la experiencia de compra. Para este caso y con el fin de brindar una mejor atención. Por favor, enviame tu Rut y dirección del local donde tuviste el percance🙌.",0
c83,83,Atención a clientes,Atención,"Cliente reclama por la atención en uno de los locales de trascaja (farmacia, comida rápida, etc.)",Reclamo,Local comercial con mala atención (400305),400305,Local comercial con mala atención,Crear un caso en HOLA,"Trabajaremos para mejorar la experiencia de compra. Para este caso y con el fin de brindar una mejor atención. Por favor, enviame tu Rut y dirección del local donde tuviste el percance🙌.",0
c84,84,Funcionamiento y Entorno de Local/CD,Locales comerciales,"Cliente reclama que el local de trascaja (farmacia, comida rápida, tabaquería, etc.) no cumple los horarios de atención establecidos",Reclamo,Local comercial no cumple horario de atención (400306),400306,Local comercial no cumple horario de atención,Crear un caso en HOLA,"Trabajaremos para mejorar la experiencia de compra. Para este caso y con el fin de brindar una mejor atención. Por favor, enviame tu Rut y dirección del local donde tuviste el percance🙌.",0
c87,87,Atención a clientes,Personal Walmart,"Cliente reclama que recibió un mal trato, robos o cobros adicionales por parte de personal que despachó su compra",Reclamo,,170016,Comportamiento indebido de transportista,"Glosa en la descripción del caso indicando lo siguiente: “Mala atención” y continuar con el detalle de lo que indica el cliente - Si el cliente indica que el transportista no quiso dejar el pedido dentro de la casa o departamento, debes dejar una Glosa en la descripción del caso indicando lo siguiente: “Fuera de los protocolos”","Gracias por indicarme lo sucedido. Haremos una investigación exhaustiva del hecho denunciado y a partir de su resultado, tomaremos las acciones que correspondan☝️.

Indicación para el ejecutivo: Ingresar caso con resolución <Revisar antecedentes de transportista>:

He registrado el caso en nuestro sistema, el número es XXXX y el plazo de resolución es de 7 días🤝.

Indicación para el ejecutivo:

Transportista no quiso entregar dentro del domicilio. Ingresar caso con resolución <Disculpa entregada en el contacto/la atención>
Dentro de nuestros protocolos el transportista sólo tiene la obligación de llevar el pedido hasta la puerta de tu casa o entrada de un edificio, pero no tiene permitido entrar a tu hogar por normas de seguridad☝️.",0
c90,90,Atención a clientes,Personal Walmart,Cliente desea dejar constancia por mala o lenta atención del personal,Reclamo,Mala Lenta atención por parte de colaborador (300008),300008,Mala/Lenta atención por parte de colaborador,Crear un caso en HOLA,Te comento que en Lider nos preocupamos por nuestros clientes🙌. Informaré al área correspondiente para solucionarlo a la brevedad. Por favor indícame tu Rut para dejar registro de este contacto🤝.,0
c93,93,Funcionamiento y Entorno de Local/CD,ServiFacil,Cliente reclama que la recarga de su tarjeta Bip se hizo por un monto diferente al que fue pagado,Reclamo,Monto no corresponde a la recarga BIP (400604),400604,Monto no corresponde a la recarga BIP,Crear un caso en HOLA,"Te informo que para poder revisar tu caso debes enviar una foto o PDF con el ticket emitido en el tótem de Servifacil y/o el comprobante de pago que le entrega el cajero al correo recservifacil@walmart.com. 
 
También necesito que me puedas indicar tu Rut y el número de la tarjeta BIP, debido a que sólo con esa información podemos identificar el pago para su correcta revisión. Ingresaré un caso para su gestión y el plazo de resolución es de 48 horas hábiles🤝.",0
c95,95,Producto,Garantía de satisfacción,Cliente reclama que recibió un producto que posee alarma de seguridad,Reclamo,,600204,Producto entregado con alarma,"Crear un caso en HOLA 

SOD ingresa un caso de “Producto entregado con alarma (xxxxxx) - selector de productos, marcando sólo los productos que presentan problemas. Descripción del caso: mencionando primero el problema utilizando el Tipo de clasificaciones para el problema del producto reclamado, seguido de todo el detalle que el cliente nos indica.

*Si el monto de compra es menor a $1.000 se devolverá como pesos Mi club (excepto pagos con T Lider).","Entiendo lo que me comentas, para poder gestionar tu caso, ¿podrías indicarme por qué medio realizaste la compra?🤔
	
(Respuesta cliente)

1. Compra local:
Te comento que para gestionar el caso debes acercarte al local más cercano con la boleta que acredite la compra. De todas formas dejaré ingresado este contacto para respaldo🤝.

Indicación para el ejecutivo: Ingresar caso con resolución <cliente derivado a local>:

2. Compra ecommerce:
2.1. Cliente quiere devolución de dinero

SOD:

*Monto a devolver es MAYOR a $15.000:*

Te comento que para gestionar el caso debes acercarte al local más cercano con la boleta que acredite la compra. De todas formas dejaré ingresado este contacto para respaldo🤝.

Indicación para el ejecutivo: Ingresar caso con resolución <cliente derivado a local>

*Monto a devolver es MENOR a $15.000*

Indicación para el ejecutivo: En ese caso debes realizar la cancelación de el/los productos(s) en Excalibur. Apóyate con el siguiente documento (Anulado parcial en primer contacto -SOD)

¿Te permitió cancelar los productos en Excalibur?

NO se pudo cancelar en Excalibur el/los productos que el cliente reclamó:

Indicación para el ejecutivo: Deberás crear el caso según el requerimiento del cliente, en la descripción deberás agregar la siguiente glosa “Error en cancelar” seguido de lo mencionado por el cliente. Adicionalmente en la “Resolución elegida por el cliente” deberás seleccionar “Devolver dinero”:

Te comento que debo registrar este caso para poder gestionar la devolución de tu dinero, la cual se podrá ver reflejada dentro del día o un plazo máximo de 7 días hábiles🤝.
 
Se pudo cancelar en Excalibur el/los productos que el cliente reclamo (ANULACIÓN PARCIAL EN PRIMER CONTACTO):

Indicación para el ejecutivo: Una vez que se haya generado la anulación deberás generar la captura de la cancelación de Excalibur, posteriormente debes crear caso con la resolución “Producto/s anulado en primer contacto” y deberás adjuntar la captura de la cancelación realizada:

Te comento que realizaré la anulación de los productos que me indicaste del pedido con número XXXX. El monto a devolver es de $XXXX  y la devolución de tu dinero se podrá ver reflejada dentro del día o un plazo máximo de 7 días hábiles🤝.

Indicación para el ejecutivo: Debes validar si ya existe algún caso creado asociado a la orden de compra del cliente y una compensación solicitada. De no tener ningún caso de compensación, debes entregar la siguiente información al cliente:
Adicionalmente, solicitaré que pueda realizarse un abono excepcional en Pesos Mi Club para mejorar tu experiencia, el que se hará efectivo en el transcurso de los próximos 5 días. Esto está sujeto a que no tenga otro abono anterior por la misma compra☝️.
 
**SÓLO Alerta en HOLA para garantías SOD/CATEX **

Pickup:

Te comento que para poder gestionar tu requerimiento, debes dirigirte al local donde retiraste o al local más cercano con el producto y la boleta que acredite la compra. De todas maneras, te informo que registraré este caso acerca de lo que solicitaste durante esta atención🖥️.

Indicación para el ejecutivo: Ingresar caso con resolución <cliente derivado a local>

Home Delivery:

Te comento que para poder gestionar tu requerimiento, debes dirigirte al local más cercano con el producto y la boleta que acredite la compra. De todas maneras, te informo que registraré este caso acerca de lo que solicitaste durante esta atención🖥️.

Indicación para el ejecutivo: Ingresar caso con resolución <cliente derivado a local>

Cliente quiere retirar la alarma:

Te comento que para gestionar el caso debes acercarte al local más cercano con la boleta que acredite la compra. De todas formas dejaré ingresado este contacto para respaldo🖥️.

Indicación para el ejecutivo: Ingresar caso con resolución <cliente derivado a local>",0
c98,98,Producto,Servicio Técnico,"Cliente denuncia disconformidad con la reparación realizada por el SSTT, ya sea porque la falla persiste o el producto no fue reparado correctamente",Reclamo,No conforme con reparación servicio técnico (600802),600802,No conforme con reparación servicio técnico,Crear un caso en HOLA,Te comento que en Lider nos preocupamos por nuestros clientes🙌. Informaré al área correspondiente para solucionarlo a la brevedad. Por favor indícame tu Rut para dejar registro de este contacto🤝.,0
c106,106,"Despacho, entrega y estado del pedido",Estado del pedido,"Cliente reclama que a pesar de que se solicitó llamado para confirmar sustituto o quiebre, no lo hicieron",Reclamo,,800502,No me llamaron para confirmar sustitutos/quiebres,Crear un caso en HOLA,"SOD:
Te comento que debo registrar este caso para poder gestionar la devolución de tu dinero y se podrá ver reflejada dentro del día o en un plazo de 7 días hábiles🤝. 

1. Fuera de plazo periodo de garantía satisfacción (30 días) - no aplica para Devolución de dinero:
De acuerdo con lo que me indicas, respecto a que ya no quieres o necesitas tu producto, te comento que este ya se encuentra fuera de la garantía satisfacción. De todas maneras, registraré tu solicitud y lo que acabo de revisar en nuestro sistema🤝. 

2. Dentro del periodo de garantía legal (30 días) - Compra local:
De acuerdo con lo que me indicas, respecto a que ya no quieres o necesitas tu producto, por favor confírmame si deseas la devolución de tu dinero☝️. 

(Respuesta cliente) 

Comprendo. Para poder realizar la devolución de dinero, debes dirigirte al local para solicitar lo que necesitas. De todas maneras, registraré tu solicitud y lo que acabo de revisar en nuestro sistema🤝.

CATEX Y PDC:

PEDIDO PUNTO DE COMPRA (PDC):

Indicación para el ejecutivo:

Cuando el pedido corresponda a un Punto de Compra, se deberá gestionar el retiro del producto y una vez completado este proceso, se realizará la devolución del dinero.

a) Efectivo será al mismo medio de pago y tendrá que derivarse a local. 
Adicionalmente, te comento que tu devolución será realizada al mismo medio de pago, por lo cual deberás dirigirte al local para su devolución☝️.

b) Tarjeta de Crédito y Tarjeta de Débito, la devolución es al mismo medio de pago: 
Adicionalmente, te comento que tu devolución será realizada al mismo medio de pago que utilizaste☝️.

c) Tarjeta líder BCI transferencia. 
Adicionalmente, te comento que tu devolución será realizada por transferencia, por lo que te recomiendo tener actualizados tus datos bancarios en tu cuenta Lider☝️.

3. ECOMMERCE (CATEX)  - Fuera de plazo (30 días) - No aplica devolución:
De acuerdo con lo que me indicas, respecto a que ya no quieres o necesitas tu producto, te comento que este ya se encuentra fuera de plazo de la garantía de satisfacción. De todas maneras, registraré tu solicitud y lo que acabo de revisar en nuestro sistema🤝.

4. ECOMMERCE (CATEX)- Dentro de Plazo DDD (APLICA KIP):
De acuerdo con lo que me indicas, tu solicitud respecto a que ya no quieres o necesitas tu producto, por favor confírmame si deseas la devolución de tu dinero☝️.  

(Respuesta cliente) 

a. Si cliente NO quiere devolución y quiere el cambio de producto:
Comprendo, pero debo informarte que no tenemos esa opción disponible dentro de la garantía de satisfacción y sólo puedo ofrecer el reembolso de tu dinero en estos casos. De todas maneras, registraré tu solicitud y lo que acabo de revisar en nuestro sistema🤝. 

b. Cliente SI quiere devolución de dinero: 
Para poder realizar la devolución de tu dinero, registraré en nuestro sistema tu solicitud de garantía de satisfacción, solicitando la devolución de tu dinero. Tu caso será gestionado dentro de los próximos 3 días hábiles🤝. Por último, le recomiendo que no devuelva el producto. 

5. ECOMMERCE (CATEX ) - Dentro de Plazo DDD (NO APLICA KIP):
Te informo que el producto debe ser devuelto en perfectas condiciones, sin signos evidentes de uso, con todos sus embalajes originales, manuales, accesorios del producto, junto a los regalos promocionales asociados a la compra. En caso de no cumplir con estas condiciones te será imposible aplicar este beneficio descrito en la cláusula. 
En el caso de compras de productos adquiridos a través de Marketplace,  podrás ejercer la garantía de satisfacción una vez recibido el producto en base al plazo definido, y este deberá contar con un embalaje extra al exigido (caja u bolsa) en el cual el producto no sea visible y cuente con la etiqueta pegada afuera de este embalaje.
Para poder realizar la devolución de tu dinero, registraré en nuestro sistema tu solicitud de garantía de satisfacción, solicitando la devolución y el correspondiente retiro de su producto🤝. 

Adicionalmente, necesito realizarte las siguientes preguntas: Me podrías indicar, ¿en qué fecha podríamos ir a retirar el producto a tu domicilio?, ¿el producto se encuentra embalado?, ¿es su embalaje original? 🤔

a. Si el cliente informa que el producto NO está embalado: 
Comprendo, para poder gestionar el retiro de tu producto, es necesario que puedas embalarlo con el embalaje original, de lo contrario el Courier no podrá retirarlo☝️. 

b. Si el cliente informa que el producto NO está en su embalaje original:
Si el producto no se encuentra con su embalaje original, no se puede gestionar el retiro de tu producto☝️.

Indicación para el ejecutivo: Deja una nota con esta información en el caso del cliente. 

c. El producto SI cuenta con su embalaje original:

Con la información entregada, te comento que tus datos han sido ingresados correctamente. Tu caso será gestionado dentro de los próximos 3 días hábiles🤝. Además, te informo que la devolución de tu dinero será gestionada una vez realizado el retiro de tu producto desde el domicilio. Es importante recordarte que una vez se retire el producto desde tu domicilio, recibirás un correo con la información y respaldo del retiro. Además, si compraste a través de un Punto de Compra, este correo te servirá como documento para poder ir al local y solicitar la nota de crédito, si es que optaste por una Devolución de dinero☝️. 

*SÓLO Alerta en HOLA para garantías SOD/CATEX y Punto de compra

Pickup/HD:

Te comento que para poder gestionar tu requerimiento, debes dirigirte al local donde retiraste o al local más cercano con el producto y la boleta que acredite la compra. De todas maneras, debo informarte que registraré este caso acerca de lo que solicitaste durante esta atención🖥️.

6.- ECOMMERCE (MARKETPLACE)

MKTP

Indicación para el ejecutivo: Si cliente manifiesta deseo de devolución de producto por cualquier causa de garantía satisfacción en productos vendidos por Marketplace y Marketplace Internacional. Debes crear  SOLO el caso con la siguiente casuística  <Solicitud de retiro de producto - No alimentario (170020)>:

Comprendo, te comento que de acuerdo con tu solicitud, voy a verificar en nuestro sistema una posible fecha de retiro. (Revisar Excel de coberturas Marketplace) 
La fecha de retiro será el 👉(XX-XX-XXXX) . 
Para que se ejecute el retiro es necesario que me otorgues la siguiente información👇:

Indicación para el ejecutivo: Debes colocar los datos a ingresar en la descripción del caso, para la coordinación del retiro, recuerda incluir:

•Inicia con el encabezado “Retiro para Devolución de Dinero”

•Numero del Sg a Retirar:

•Descripción del producto:  tal como indica “HOLA” indica Item Ejm 1234 Refrigerador

•Cantidad de Unidades a Retirar:

•Estado del producto:” Sin daño, Daño menor, Daño grave, Daño irreparable” y

*Adicional indica detalles del daño  en caso de tenerlo como (abollado, rallado, quebrado)*

•Estado del Embalaje: “Embalado cliente” / “Nuevo y Sellado” / “Embalaje con daños”–

*Siempre indicar a cliente debe estar  embalado*.

•Cantidad de Bultos: Bultos / Paquetes en los que el cliente entregara el producto

•Dimensiones:

S (Pequeño como una caja de celular) 
M (Mediano como una caja de Zapatos) 
L (Grande como una caja de Microondas",0
c107,107,Sitios web y apps Walmart,Confirmación de compra,Cliente reclama que realizó una compra que no fue confirmada y/o no aparece en sistema,Reclamo,No recibe correo de confirmación de compra (1000401),1000401,No recibe correo de confirmación de compra,"Crear un caso en HOLA 

Escribir en la descripción, el nombre de la página web junto con lo que indica el cliente.","Entiendo lo que me comentas. Permiteme revisar en sistema.

1. Si la compra se visualiza en sistema: 
Te informo que la compra si se ve reflejada en sistema con número de orden XXXX y fecha de compromiso XX-XX-XXXX🙌.

Indicación para el ejecutivo:

Ingresar caso con resolución <Información de compra entregada en el contacto>.

2.Si la compra no se visualiza en sistema
Te informo que para poder ingresar el detalle del caso, es necesario que por favor me indiques exactamente, ¿en cuál sitio web estás ingresando o si compraste desde la aplicación?🤔.

2.1LiderApp:
Te informo que registraré en nuestro sistema tu solicitud. Tu caso será gestionado dentro de los próximos 7 días🤝.

Indicación para el ejecutivo: Escribir en la descripción “Liderapp” junto con lo que indica el cliente

2.2 Lider.cl:

¿En la sección de “Supermercado” o “Mundo Lider”?🤔

a. Si el cliente responde “Supermercado”:
Te informo que registraré en nuestro sistema tu solicitud.  Tu caso será gestionado dentro de los próximos 7 días🤝.

Indicación para el ejecutivo: Escribir en la descripción “SOD” junto con lo que indica el cliente.

b. Si el cliente responde “Mundo Lider”:

Te informo que registraré en nuestro sistema tu solicitud . Tu caso será gestionado dentro de los próximos 7 días🤝.

Indicación para el ejecutivo: Escribir en la descripción “CATEX” junto con lo que indica el cliente",0
c108,108,"Pagos, tarjetas y reembolsos",Promociones,Cliente reclama que es funcionario de Walmart y su compra no se aplicó el descuento colaborador,Reclamo,No se aplica descuento colaborador (700402),700402,No se aplica descuento colaborador,Crear un caso en HOLA,"Debes tener en consideración que el descuento de colaborador se aplica sólo a personal interno de la compañía☝️. Si es este tu caso, debes ingresar al portal de Service Now y allí  dar click en ""buscar"" anotando  el siguiente  título: ""CL - Plataforma Mi Lugar - Errores en MIO""💻 
 
Si cliente consulta cual es el link de Service Now, indicar:
Toma nota del link de Service Now, https://walmartglobal.service-now.com/✍️. 
 
Adicionalmente procederé a ingresar tu requerimiento🤝.",0
c110,110,"Pagos, tarjetas y reembolsos",Reembolso,Cliente reclama que su compra no aplicó el descuento del costo del despacho,Reclamo,No se aplica promoción de despacho (700405),700405,No se aplica promoción de Despacho,"Crear un caso en HOLA 

Escribir en la descripción, el nombre de la página web junto con lo que indica el cliente.","Entiendo lo que me comentas🙌. Te informo que para poder ingresar el detalle del caso, es necesario que por favor me indiques exactamente, ¿en cuál sitio web estás ingresando?📲.

(Respuesta cliente)

1.  Lider App:
Gestionaré tu requerimiento para solucionarlo a la brevedad. El plazo de resolución es de 3 días hábiles🤝. 

2. Lider.cl:
¿En la sección de “Supermercado” o “Mundo Lider”?🤔.

a. Si el cliente responde “Supermercado”:
El caso será tomado por el área resolutora que te contactará dentro de 3 días hábiles🤝.

Indicación para el ejecutivo: Escribir en la descripción “SOD” junto con lo que indica el cliente 

b. Si el cliente responde “Mundo Lider”:

El caso será tomado por el área resolutora que te contactará dentro de 3 días hábiles🤝.

Indicación para el ejecutivo: Escribir en la descripción “CATEX” junto con lo que indica el cliente",0
c111,111,"Publicidad, campañas y promociones",Promociones,"Cliente reclama que no se ve reflejada la promoción del producto al momento de pagar. Si cliente ya pagó debe usar ""Diferencia de precio""",Reclamo,,700406,No se aplica promoción sobre producto - sin compra,"Crear un caso en HOLA 

Escribir en la descripción, el nombre de la página web junto con lo que indica el cliente.","Entiendo lo que me comentas🙌. Te informo que para poder ingresar el detalle del caso, es necesario que por favor me indiques exactamente, ¿en cuál sitio web estás ingresando?📲.

(Respuesta cliente)

1.  Lider App:
Gestionaré tu requerimiento para solucionarlo a la brevedad. El plazo de resolución es de 3 días hábiles🤝. 

2. Lider.cl:
¿En la sección de “Supermercado” o “Mundo Lider”?🤔.

a. Si el cliente responde “Supermercado”:
El caso será tomado por el área resolutora que te contactará dentro de 3 días hábiles🤝.

Indicación para el ejecutivo: Escribir en la descripción “SOD” junto con lo que indica el cliente 

b. Si el cliente responde “Mundo Lider”:

El caso será tomado por el área resolutora que te contactará dentro de 3 días hábiles🤝.

Indicación para el ejecutivo: Escribir en la descripción “CATEX” junto con lo que indica el cliente",0
c112,112,Funcionamiento y Entorno de Local/CD,Juegos de azar,Cliente reclama que no se emitió un comprobante válido de apuesta,Reclamo,-,500510,No se emite comprobante válido de apuesta,,"Te comento que para poder revisar tu caso, debes indiicarme el comprobante del juego de azar afectado, local y Rut para gestionar tu requerimiento👩‍💻/👨‍💻.  
¿Me podrías confirmar tu e-mail y número de teléfono?✅   
  
(Respuesta cliente)

El correo que me aparece registrado en el sistema es el mismo que me indicas, por lo que se procedió a ingresar tu solicitud. El número de caso es👉 XXXX y el plazo de resolución es de 48 horas hábiles🤝.",0
c113,113,Funcionamiento y Entorno de Local/CD,Accesos,Cliente reclama que no permitieron ingresar al interior del establecimiento con animales (sean o no de apoyo),Reclamo,No se permite ingreso de mascota (200807),200807,No se permite ingreso de mascota,Crear un caso en HOLA,Te comento que en Lider nos preocupamos por nuestros clientes🙌. Informaré al área correspondiente para solucionarlo a la brevedad. Por favor indícame tu Rut para dejar registro de este contacto🤝.,0
c115,115,Funcionamiento y Entorno de Local/CD,ServiFácil,Cliente reclama que la recarga de su tarjeta Bip no se realizó,Reclamo,No se recarga no se efectuó recarga de BIP (400603),400603,No se recarga/no se efectuó recarga de BIP,Crear un caso en HOLA,"Te informo que para poder revisar tu caso debes enviar una foto o PDF con el ticket emitido en el tótem de Servifacil y/o el comprobante de pago que te entrega el cajero al correo 📨recservifacil@walmart.com. 
 
También necesito que me puedas indicar tu Rut y el número de la tarjeta BIP, debido a que sólo con esa información podemos identificar el pago para su correcta revisión. Ingresaremos un caso para su gestión y el plazo de resolución es de 48 horas hábiles🤝.",0
c116,116,Funcionamiento y Entorno de Local/CD,Zona asistida,"Cliente reclama que no respetó el uso de cajas preferentes a personas en situación de discapacidad, embarazadas o 3ra edad",Reclamo,No se respeta caja preferencial (200611),200611,No se respeta caja preferencial,Crear un caso en HOLA,Te comento que en Lider nos preocupamos por nuestros clientes🙌. Informaré al área correspondiente para solucionarlo a la brevedad. Por favor indícame tu Rut para dejar registro de este contacto🤝.,0
c117,117,Funcionamiento y Entorno de Local/CD,Zona asistida,"Cliente reclama que no se respetó el turno en la fila ya sea de atención en caja, sac/sas, venta a granel, etc.",Reclamo,,200612,No se respeta turno en fila para atención asistida,Crear un caso en HOLA,Te comento que en Lider nos preocupamos por nuestros clientes. Informaré al área correspondiente para solucionarlo a la brevedad. Por favor indícame el local donde tuviste el inconveniente para dejar registro de este contacto💻.,0
c120,120,Funcionamiento y Entorno de Local/CD,Accesos,"Cliente reclama que en el local hay accesos, lugares en la sala o señalética que está bloqueada",Reclamo,,200102,Obstrucciones y/o accesos bloqueados,Crear un caso en HOLA,Te comento que en Lider nos preocupamos por nuestros clientes. Informaré al área correspondiente para solucionarlo a la brevedad. Por favor indícame el local donde tuviste el inconveniente para dejar registro de este contacto💻.,0
c123,123,Funcionamiento y Entorno de Local/CD,ServiFácil,Cliente reclama que su cuenta de ServiFácil está descontado 2 veces,Reclamo,Pago de cuenta ServiFacil duplicado o descontado 2 veces (400609),400609,Pago de cuenta ServiFacil duplicado o descontado 2 veces,Crear un caso en HOLA,"Te informo que para poder revisar tu caso debes enviar una foto o PDF con el ticket emitido en el tótem de ServiFácil y/o el comprobante de pago que te entrega el cajero al correo 📨recservifacil@walmart.com. 
 
Considerar que además voy a necesitar que me puedas indicar el nombre de la empresa de servicios, el identificador que presenta problemas y tu Rut con el cual ingresaste al tótem de ServiFácil. Adicionalmente, si tu pago fue realizado con alguna tarjeta bancaria, se debe adjuntar la cartola del banco donde aparece el descuento dos veces  y con esa información podremos revisar tu caso. El plazo de resolución es de 5 días🤝.",0
c124,124,Funcionamiento y Entorno de Local/CD,ServiFácil,Cliente reclama que el pago que realizó de su cuenta ServiFácil no se aplicó,Reclamo,Pago de cuenta ServiFacil no aplicado (400605),400605,Pago de cuenta ServiFacil no aplicado,Crear un caso en HOLA,"Te informo que para poder revisar tu caso debes enviar una foto o PDF con el ticket emitido en el tótem de ServiFácil y/o el comprobante de pago que te entrega el cajero al correo 📨recservifacil@walmart.com. 
 
Considerar que además voy a necesitar que me puedas indicar el nombre de la empresa de servicios, el identificador que presenta problemas y tu Rut con el cual ingresaste al tótem de ServiFácil. Adicionalmente, si tu pago fue realizado con alguna tarjeta bancaria, se debe adjuntar la cartola del banco donde aparece el descuento dos veces  y con esa información podremos revisar tu caso. El plazo de resolución es de 5 días🤝.",0
c125,125,Funcionamiento y Entorno de Local/CD,ServiFácil,Cliente reclama que el pago que realizó de su cuenta ServiFácil se realizó a otra persona o que presenta algún error,Reclamo,Pago erróneo de servicio a otra persona en ServiFacil (400606),400606,Pago erróneo de servicio a otra persona en ServiFacil,Crear un caso en HOLA,"Te informo que para poder revisar tu caso debes enviar una foto o PDF con el ticket emitido en el tótem de ServiFácil y/o el comprobante de pago que te entrega el cajero al correo 📨recservifacil@walmart.com. 
 
Considerar que además voy a necesitar que me puedas indicar el nombre de la empresa de servicios, el identificador que presenta problemas y tu Rut con el cual ingresaste al tótem de ServiFácil. Adicionalmente, si tu pago fue realizado con alguna tarjeta bancaria, se debe adjuntar la cartola del banco donde aparece el descuento dos veces  y con esa información podremos revisar tu caso. El plazo de resolución es de 5 días🤝.",0
c128,128,Atención a clientes,Atención,Cliente reclama por malestar al solicitar por ley cédula de identidad a cliente para compra de bebidas alcóholicas,Reclamo,Petición del Cédula de Identidad en compra de bebidas alcohólicas (100006),100006,Petición de Cédula de Identidad en compra de bebidas alcohólicas,Crear un caso en HOLA,"Te comento que en Walmart la venta de bebidas alcohólicas son exclusivamente para personas mayores a los 18 años. Por lo mismo, se debe pedir el carnet de identidad para la corroboración de la edad. Por favor indícame tu Rut para dejar registro de esta atención🤝.",0
c130,130,Funcionamiento y Entorno de Local/CD,Zona asistida,Cliente reclama que hay poca disponibilidad de cajas abiertas,Reclamo,,200614,Pocas cajas de atención abiertas,Crear un caso en HOLA,Te comento que en Lider nos preocupamos por nuestros clientes. Informaré al área correspondiente para solucionarlo a la brevedad. Por favor indícame el local donde tuviste el inconveniente para dejar registro de este contacto🤝.,0
c132,132,"Publicidad, campañas y promociones",Promociones,Cliente reclama por precios de producto sin haber realizado compra,Reclamo,Precio elevado del producto - sin compra (601001),601001,Precio elevado del producto - sin compra,Crear un caso en HOLA,"Nuestro sello como compañía es ""Precios bajos todos los días"" en búsqueda de brindar la mejor experiencia en sala. Esta información será enviada al área correspondiente, con el fin de que puedan detectar oportunidades de mejoras🤝.",0
c134,134,Funcionamiento y Entorno de Local/CD,Sala,"Cliente denuncia presencia de plagas (roedores, insectos, aves, etc.) en la sala de venta como en sus alrededores",Reclamo,Presencia de plagas en sala (201611)​,201611,Presencia de plagas en sala,Crear un caso en HOLA,Te comento que en Lider nos preocupamos por nuestros clientes. Informaré al área correspondiente para solucionarlo a la brevedad. Por favor indícame el local donde tuviste el inconveniente para dejar registro de este contacto💻.,0
c135,135,Atención a clientes,Atención,Cliente reclama problemas con la zona de envoltura de papel de regalo,Reclamo,Problema con envoltura de papel de regalo (400401),400401,Problema con envoltura de papel de Regalo,Crear un caso en HOLA,Te comento que en Lider nos preocupamos por nuestros clientes. Informaré al área correspondiente para solucionarlo a la brevedad. Por favor indícame el local donde tuviste el inconveniente para dejar registro de este contacto💻.,0
c136,136,"Pagos, tarjetas y reembolsos",Problemas pago,Cliente no puede realizar compra con factura o presenta problemas/errores al hacerlo.,Reclamo,,500301,Problemas al comprar con factura,"Crear un caso en HOLA 

Escribir en la descripción, el nombre de la página web junto con lo que indica el cliente.","Gracias por tu comentario, con esta información nos ayudas a mejorar la experiencia que le brindamos como nuestro cliente. La información será enviada al área de operaciones, con el fin de que puedan detectar oportunidades de mejora. 
Le recordamos que actualmente solo se puede comprar con factura en las cajas de nuestros locales. No así compras ecommerce☝️.",0
c137,137,Mi Club,Acumulación pesos Mi Club,Cliente reclama que no se acumularon los PMC correctos basado en las promociones o campañas activas,Reclamo,,1300518,Diferencia con acumulación promocional Pesos Mi Club,Crear un caso en HOLA,"Comprendo. Te informo que para gestionar tu requerimiento relacionado con el inconveniente de acumulación en el programa Mi Club, es necesario registrar tu caso. El plazo de resolución es de hasta 5 días🤝.",0
c139,139,Atención a clientes,Atención,Cliente reclama que no hay disponibilidad de bolsas o estas son de calidad deficiente,Reclamo,Problemas con bolsas reutilizables (170026),170026,Problemas con bolsas reutilizables,Crear un caso en HOLA,"Agradezco tu comentario. Con esta información nos ayudas a mejorar la experiencia que te brindamos como nuestro cliente. La información será enviada al área de operaciones, con el fin de que puedan detectar oportunidades de mejora🤝.",0
c141,141,Mi Club,Canje de Pesos Mi Club,Cliente reclama no haber podido realizar canje o se descontó un monto diferente de PMC,Reclamo,Problemas con canje de Pesos Mi Club (1300519)​,1300519,Problemas con canje de pesos mi club,Crear un caso en HOLA,"Comprendo. Te informo que para gestionar tu requerimiento relacionado con el inconveniente de acumulación en el programa Mi Club, es necesario registrar tu caso. El plazo de resolución es de hasta 5 días🤝.",0
c142,142,"Pagos, tarjetas y reembolsos",Problemas pago,Cliente manifiesta disconformidad o sospecha frente al billete que se entregó en el vuelto,Reclamo,Problemas con el billete entregado en caja tradicional autoservicio (200615),200615,Problemas con el billete entregado en caja tradicional/autoservicio,Crear un caso en HOLA,"Te comento que en Lider nos preocupamos por nuestros clientes. Te recomiendo dirigirte al local donde tuviste el inconveniente para que sea solucionado☝️.

Indicación para el ejecutivo: Ingresar caso con resolución: <Cliente derivado a local>",0
c144,144,Sitios web y apps Walmart,Navegación del sitio,Cliene denuncia que el sitio web de Mi Club presenta algún problema,Reclamo,Problemas con el sitio Mi Club (1300404),1300404,Problemas con el sitio Mi Club,Crear un caso en HOLA,"Según lo que me indicas sobre tu requerimiento con el inconveniente que presenta el sitio Mi Club, serás derivado para su revisión. Para apoyar mejor la revisión, ¿podrías indicarme desde qué tipo de dispositivo intentas ingresar (smartphone, computador o tablet)?🤔
Además, ¿qué navegador estás utilizando (por ejemplo, Chrome, Safari, Edge, Firefox, etc.)?
Mientras tanto, te sugiero intentar las siguientes acciones:
Recargar la página, borrar el historial de navegación, en caso de ser necesario Reiniciar tu celular o PC☝️.

Recordarte también que para revisar el saldo de pesos mi club, puedes ingresar directamente desde lider.cl o Lider App para verlo🙌.",0
c145,145,Funcionamiento y Entorno de Local/CD,Sala,"Cuando el cliente se comunique para reclamar por problemas relacionados con infraestructura y equipamiento (caja sin vuelto, problemas de estacionamiento, falta de carros, etc)",Reclamo,,201101,Problemas de infraestructura y/o equipamiento,Crear un caso en HOLA,Te comento que en Lider nos preocupamos por nuestros clientes. Informaré al área correspondiente de la tienda para solucionarlo a la brevedad🤝.,0
c146,146,Funcionamiento y Entorno de Local/CD,Juegos de azar,Cliente reclama tener problemas con los juegos de azar,Reclamo,Problemas con juegos de azar (400201),400201,Problemas con juegos de azar,Crear un caso en HOLA,Te comento que en Lider nos preocupamos por nuestros clientes. Informaré al área correspondiente de la tienda para solucionarlo a la brevedad🤝.,0
c150,150,"Pagos, tarjetas y reembolsos",Problemas pago,Cliente reclama que sistema de cajas presenta problemas y no le permite efectuar el pago de su compra,Reclamo,,500307,Problemas con medios de pago en caja/Sistema caído en tienda,"Crear un caso en HOLA 

Escribir en la descripción, el nombre de la página web junto con lo que indica el cliente.",Te comento que en Lider nos preocupamos por nuestros clientes. Informaré al área correspondiente para solucionarlo a la brevedad. Por favor indícame el local donde tuviste el inconveniente para dejar registro de este contacto🤝.,0
c151,151,"Despacho, entrega y estado del pedido",Problemas con la entrega,Cliente denuncia que tuvo problemas para notificar su llegada a Pick Up,Reclamo,,800412,Problemas para dar aviso de llegada de cliente en zona de pickup,Crear un caso en HOLA,"Agradezco tu comentario. Con esta información nos ayudas a mejorar la experiencia que te brindamos como nuestro cliente. La información será enviada al área de operaciones, con el fin de que puedan detectar oportunidades de mejora🤝.",0
c152,152,"Despacho, entrega y estado del pedido",Problemas con la entrega,Cliente reclama por productos faltantes de compra Online que sí fueron cobrados. Si la compra es física usar causa 'Olvido de producto en el local',Reclamo,Producto cobrado no entregado (800404)​,800404,Producto cobrado no entregado,"Crear caso en HOLA / Descartar: que no sea un quiebre / producto sustituto y revisar Beetrack

*Si el monto de compra es menor a $1.000 se devolverá como pesos Mi club (excepto pagos con T Lider).","SOD

1. Caso quiebre :
Muchas gracias por el tiempo en espera. Te comento que estoy revisando en nuestro sistema y me figura que esos productos se encontraban sin stock al momento de armar tu pedido. Por lo tanto, no se realizó ningún cobro🤝.

¿Podrías revisar tu boleta y confirmar que efectivamente no esté realizado el cobro? 🙌

(Respuesta de cliente) 

Muchas gracias por la información entregada. De todas maneras, debo informarte que registraré este caso acerca de lo que solicitaste durante esta atención 💻.

Indicación para el ejecutivo: Ingresar caso con resolución <Información de compra entregada en el contacto>

2. Caso sustituto

a. Cliente conforme:

De todas maneras, debo informarte que registraré este caso acerca de lo que solicitaste durante esta atención💻.

Indicación para el ejecutivo: Utilizar la siguiente causa <Consulta por productos enviados/sustituidos/faltantes> (800400) y dejar una Glosa en la descripción del caso indicando lo siguiente: productos sustitutos
 
b. Cliente disconforme:

Comprendo. Te comento que debo registrar este caso para poder gestionar la devolución de tu dinero. El plazo de resolución es de 5 días🤝.
 
Causa <Inconformidad con producto sustituido en pedido> (800407).
 
3. Caso “Revisión en Beetrack” - Los productos SI son visibles en la entrega:
Comprendo. Te comento que estoy revisando en nuestro sistema y la fotografía muestra que el producto XXXX fue entregado correctamente.
 
¿Podrías revisar nuevamente en las bolsas entregadas que efectivamente no esté el producto que menciona?🙌

(Respuesta de cliente)
 
a. Cliente confirma que SI tiene los productos: 
Muchas gracias por la información entregada. De todas maneras, debo informarte que registraré este caso acerca de lo que solicitaste durante esta atención💻.

Indicación para el ejecutivo: Utilizar la siguiente causa <Consulta por productos enviados/sustituidos/faltantes> (800403) y dejar una Glosa en la descripción del caso indicando lo siguiente: productos enviados.
 
4- Anulación parcial en primer contacto

Indicación para el ejecutivo: Revisar evidencia en Beetrack 

1.- No hay evidencia: Campo motivo de incumplimiento “Sin fotografía”

2.- Evidencia no acredita la entrega: Campo motivo de incumplimiento “No se acredita entrega”

3.- Existe evidencia que acredita, pero el cliente insiste que no se le entrego: Campo motivo de incumplimiento “Se visualiza producto en la fotografía”

*MONTO RECLAMADO ES MAYOR A $10.000:*

Indicación para el ejecutivo: El caso debe crearse con resolución ""Devolver dinero (sin retiro de producto)” y completar el campo motivo de incumplimiento:

Te comento que debo registrar este caso para que lo gestione el área especializada. El plazo de resolución es de 5 días🤝.

*MONTO RECLAMADO ES MENOR A $10.000*

Indicación para el ejecutivo: En ese caso debes realizar la cancelación de el/los productos(s) en Excalibur. Apóyate con el siguiente documento (Anulado parcial en primer contacto -SOD)

¿Te permitió cancelar los productos en Excalibur?

*NO se pudo cancelar en Excalibur el/los productos que el cliente reclamo*

Indicación para el ejecutivo: Al momento de crear el caso en la descripción deberás agregar la siguiente glosa “Error en cancelar” seguido de lo mencionado por el cliente, debes completar el campo motivo de incumplimiento y adicionalmente la resolución será <Devolver dinero (sin retiro de producto)>:

Te comento que debo registrar este caso para que lo gestione el área especializada. El plazo de resolución es de 5 días🤝.

SI se pudo cancelar en Excalibur el/los productos que el cliente reclamo- ANULACIÓN EN PRIMER CONTACTO:

Indicación para el ejecutivo: Una vez que se haya generado la anulación deberás generar la captura de la cancelación de Excalibur, Adicionalmente deberás completar el campo de Motivo de incumplimiento, Monto a devolver en pesos chilenos, Número NC y resolución será <Producto/s anulado en primer contacto>:

Te comento que realizaré la anulación de los productos que me indicaste del pedido con número XXXX. El monto a devolver es de $XXXX y la devolución de tu dinero se podrá ver reflejada dentro del día o un plazo máximo de 7 días hábiles🤝.

Indicación para el ejecutivo: Debes validar si ya existe algún caso creado asociado a la orden de compra del cliente y una compensación solicitada. De no tener ningun caso de compensación, debes entregar la siguiente información al cliente:
Adicionalmente, solicitaré que pueda realizarse un abono excepcional en Pesos Mi Club para mejorar tu experiencia, el que se hará efectivo en el transcurso de los próximos 5 días. Esto está sujeto a que no tenga otro abono anterior por la misma compra☝️.

Te comento que debo registrar este caso para que el área especializada se comunique contigo y adicionalmente puedas revisar en detalle la información asociada a la entrega de tu pedido. El plazo de resolución es de 7 días🤝.

Indicación para el ejecutivo: MKT:

Te comento que debo registrar este caso para que el área especializada se comunique contigo y pueda gestionar la devolución de tu dinero. El plazo de resolución es de 7 días🤝.",0
c153,153,Producto,Garantía legal,"Cliente reclama que recibió un producto, pesable o unitario, cuya etiqueta del empaque /etiquetado (del pesable) no coincide con el producto.",Reclamo,,1551212,Producto diferente a etiqueta/etiquetado,"Crear un caso en HOLA

*Si el monto de compra es menor a $1.000 se devolverá como pesos Mi club (excepto pagos con T Lider).

*Alerta “En caso de Garantía Legal o de Satisfacción, debes derivar a este cliente a tienda para que pueda ejercer la garantía con el producto físico y el documento que acredite la entrega” sobre la información personal del cliente. Crear caso y en la “Resolución elegida por el cliente” seleccionar “Cliente derivado a local” e indicar al cliente que debe ir a local.","SOD

a) Monto a devolver es MAYOR a $15.000:*

Indicación para el ejecutivo: Debes crear caso según la causa de Garantía Legal indicando el detalle del problema del cliente en la descripción, adjuntando la fotografía de evidencia en el caso WhatsApp (la fotografía no es obligatoria para hacer valer la garantia, pero si debe solicitarse y adjuntarse si el cliente la envia como evidencia) y selecciona como resolución “cliente derivado a local"":

Te comento que para gestionar tu caso, debes dirigirte al local más cercano con el producto y la boleta o cualquier documento que acredite la compra🛒. De todas maneras, dejaré un registro de lo que me indicaste durante esta atención. Me podrías por favor facilitar fotos del producto para adjuntarlo  como evidencia en el caso🙌.

b) Monto a devolver es MENOR o igual a $15.000*
 
Indicación  para el ejecutivo: En ese caso debes realizar la cancelación de el/los productos(s) en Excalibur. Apóyate con el siguiente documento (Anulado parcial en primer contacto -SOD)
 
¿Te permitió cancelar los productos en Excalibur?

*NO se pudo cancelar en Excalibur el/los productos que el cliente reclamó:

Indicación para el ejecutivo: Deberás crear el caso según el requerimiento del cliente, en la descripción deberás agregar la siguiente glosa “Error en cancelar” seguido de lo mencionado por el cliente,y adjuntando la fotografía de evidencia. Adicionalmente en la “Resolución elegida por el cliente” deberás seleccionar “Devolver dinero”:

Te comento que debo registrar este caso para poder gestionar la devolución de tu dinero, la cual se podrá ver reflejada dentro del día o un plazo máximo de 7 días hábiles🤝. Por favor, ¿me podrías facilitar fotos del producto para adjuntarlo como evidencia en el caso?💻.

Indicación para el ejecutivo: la fotografía no es obligatoria para hacer valer la garantia, pero si debe solicitarse y adjuntarse si el cliente la envia como evidencia.

Se pudo cancelar en Excalibur el/los productos que el cliente reclamo (ANULACIÓN PARCIAL EN PRIMER CONTACTO):

Indicación para el ejecutivo: Una vez que se haya generado la anulación deberás generar la captura de la cancelación de Excalibur, posteriormente debes crear caso con la resolución “Producto/s anulado en primer contacto” y deberás adjuntar la captura de la cancelación realizada, adjuntando la fotografía de evidencia en el caso:

Te comento que realizaré la anulación de los productos que me indicaste del pedido con número XXXX. El monto a devolver es de $XXXX y la devolución de tu dinero se podrá ver reflejada dentro del día o un plazo máximo de 7 días hábiles🤝. Por favor, ¿me podrías facilitar fotos del producto para adjuntarlo  como evidencia en el caso?💻.

Indicación para el ejecutivo: la fotografía no es obligatoria para hacer valer la garantia, pero si debe solicitarse y adjuntarse si el cliente la envia como evidencia.

Indicación para el ejecutivo: Debes validar si ya existe algún caso creado asociado a la orden de compra del cliente y una compensación solicitada. De no tener ningún caso de compensación, debes entregar la siguiente información al cliente:

Adicionalmente, solicitaré que pueda realizarse un abono excepcional en Pesos Mi Club para mejorar tu experiencia🙌, el que se hará efectivo en el transcurso de los próximos 5 días. Esto está sujeto a que no tengas otro abono anterior por la misma compra🤝.
 
**SÓLO Alerta en HOLA para garantías SOD/CATEX/MKTP **

Pickup/ Home Delivery:

Te comento que para poder gestionar tu requerimiento, debes dirigirte al local más cercano con la boleta que acredite la compra🛒. De todas maneras, te informo que registraré este caso acerca de lo que solicitaste durante esta atención. Por favor, ¿me podrías facilitar fotos del producto para adjuntarlo como evidencia del caso?🙌.

Indicación para el ejecutivo: la fotografía no es obligatoria para hacer valer la garantia, pero si debe solicitarse y adjuntarse si el cliente la envia como evidencia .

Indicación para el ejecutivo: Ingresar caso con resolución ""cliente derivado a local"".

CATEX (HD y Pickup)

1. Monto menor o igual a 15.000 (aplica KIP):

Para poder realizar la devolución de tu dinero, registraré en nuestro sistema tu solicitud. tu caso será gestionado dentro de los próximos 3 días hábiles🤝. Por favor, ¿me podrías facilitar fotos del producto para adjuntarlo  como evidencia en el caso?💻.

Indicación para el ejecutivo: la fotografía no es obligatoria para hacer valer la garantia, pero si debe solicitarse y adjuntarse si el cliente la envia como evidencia.

Indiación para el ejecutivo: Debes crear caso según la causa de Garantía Legal indicando el detalle del problema del cliente en la descripción, adjuntando la fotografía de evidencia en el caso y selecciona como resolución ""devolver dinero"".

2. Monto mayor a 15.000 (no aplica KIP)

Indicación para el ejecutivo: Debes consultar al cliente si desea el Cambio de producto o la Devolución del dinero.

(respuesta cliente)

2.1 Si el cliente quiere cambio de producto

Indicación para el ejecutivo: Debes crear caso según la causa de Garantía Legal indicando el detalle del problema del cliente en la descripción, adjuntando la fotografía de evidencia en el caso  y selecciona como resolución ""Cambiar producto"".

Indicación para el ejecutivo: la fotografía no es obligatoria para hacer valer la garantia, pero si debe solicitarse y adjuntarse si el cliente la envia como evidencia.

2.2 Si el cliente quiere devolución de dinero:

Te informo que para proceder con la devolución de tu dinero, tienes dos opciones👉: Puedes dirigirte a la tienda con la boleta o agendar el correspondiente retiro. Por favor, ¿me podrías indicar qué opción prefieres?🙌.

(respuesta del cliente)

a) Cliente prefiere dirigirse a tienda:
Entiendo, en ese caso debes dirigirte al local más cercano con el producto y la boleta para que puedan realizar la gestión correspondiente. De todas maneras, te informo que registraré este caso acerca de lo que solicitaste durante esta atención💻. Por favor, ¿me podrías facilitar fotos del producto para adjuntarlo como evidencia en el caso?🤝.

Indicación para el ejecutivo: la fotografía no es obligatoria para hacer valer la garantia, pero si debe solicitarse y adjuntarse si el cliente la envia como evidencia.

Indicación para el ejecutivo: Debes crear caso según la causa de Garantía Legal indicando el detalle del problema del cliente en la descripción, adjuntando la fotografía de evidencia en el caso WhatsApp y selecciona como resolución ""Cliente derivado a local"".

b) Cliente prefiere retiro del producto:

Te comento que debo registrar este caso para que el área especializada se comunique contigo y adicionalmente pueda revisar en detalle la información asociada a la entrega de tu pedido. El plazo de resolución es de 7 días🤝. Por favor, ¿me podrías facilitar fotos del producto para adjuntarlo  como evidencia en el caso?💻.

Indicación para el ejecutivo: la fotografía no es obligatoria para hacer valer la garantia, pero si debe solicitarse y adjuntarse si el cliente la envia como evidencia.

Indicación para el ejecutivo: Debes crear caso según la causa de Garantía Legal indicando el detalle del problema del cliente en la descripción, adjuntando la fotografía de evidencia en el caso y selecciona como resolución ""Devolver dinero (Posterior al retiro de producto)"".

ECOMMERCE (MARKETPLACE)

Indicación para el ejecutivo: Si cliente manifiesta que desea la devolución del producto por cualquier causa de garantía (de Satisfacción/Legal) en productos vendidos por Marketplace y Marketplace Internacional, debes inicialmente identificar qué producto es, posteriormente validar tipo de entrega:

Indicación para el ejecutivo: *Debes validar la fecha de compra, cuidando los plazos de garantía*:

Revisé tu compra y el producto está próximo a vencer su garantía☝️ (de Satisfacción/Legal). Para poder ayudarte a tiempo, la alternativa más rápida es que acudas a locales Hiper Lider con el producto y boleta🤝.

Tipo de entrega Pickup: Para este tipo de compra la única opción que debemos indicar al cliente es < Realizar la entrega del producto en locales Hiper Lider >. *(Debes continuar la atención con las indicaciones detallados en la opción A)*.

Tipo de entrega HD:

CASO 1:

-Producto Parcel: (Producto pequeño, fácil de transportar y que se envíe por mensajería) y cuyo valor sea igual o menor a $125.000 a excepción de productos frágiles:
Para este tipo de productos, puedes elegir entre las 3 opciones disponibles para devolver el mismo👉: Realizar la entrega del producto en locales Hiper Lider, devolver el producto en Puntos BlueExpress COPEC, o solicitar el retiro en domicilio🚚. *(Debes continuar la atención con las indicaciones detalladas según la opción elegida por el cliente A, B o C)*.
 
CASO 2:
 
-Producto Parcel: (Producto pequeño, fácil de transportar y que se envíe por mensajería) y cuyo valor sea mayor a $125.000 incluyendo productos frágiles:
Para este tipo de productos, puedes elegir entre las 2 opciones disponibles para devolver el mismo👉: Realizar la entrega del producto en locales Hiper Lider o solicitar el retiro en domicilio🚚. *(Debes continuar la atención con las indicaciones detalladas según la opción elegida por el cliente A o C)*.
 
CASO 3:
 
-Producto BIG: Camas, colchones, refrigeradores, cocinas y lavadoras: Para este tipo de producto la única opción que debemos indicar al cliente es <Retiro en domicilio para su posterior devolución de dinero>. *(Debes continuar la atención con las indicaciones detallados en la opción C)*.

Opción elegida por el cliente:

A.- realizar entrega de producto en locales Hiper Lider:
Te comento que, de acuerdo con tu solicitud, puedes acercarte a cualquiera de nuestras tiendas HIPER LIDER y entregar el producto en el área de Servicio al Cliente☝️.  
Una vez realizada la entrega, se generará automáticamente la devolución del dinero al mismo medio de pago utilizado en tu compra🛍️. En la tienda se te entregará un comprobante con los detalles de la devolución🤝.

Indicación para el ejecutivo: Debes crear SÓLO el caso con la casuística de garantía legal correctamente identificada. Recuerda seleccionar correctamente la resolución elegida por el cliente “Cliente derivado a local”.
 
B.-Devolución en Puntos BlueExpress COPEC:

Te comento que, voy a registrar el caso para que el área especializada se comunique contigo dentro de los próximos 3 días🗓️. Una vez te contacten, recibirás un correo con la etiqueta y las instrucciones para embalar el producto correctamente. Con el producto ya embalado según las indicaciones, podrás llevarlo a cualquier Punto BlueExpress COPEC habilitado para completar la devolución. Te recomiendo entregarlo directamente en el mesón del punto BlueExpress COPEC🤝.

Indicación para el ejecutivo: si cliente solicita apoyo con la dirección del punto copec más cercano a su domicilio. Debes validar la información en el link: https://www.blue.cl/personas/puntos-de-entrega, completar los datos necesarios y filtrando en el campo “tipos de punto” eligiendo la opción: Puntos BlueExpress COPEC. Podrás obtener la respuesta para el cliente y entregar la dirección.

Te comento que, el plazo máximo para entregar el producto es de 3 días desde la emisión de la etiqueta☝️. Si se excede este tiempo, deberás volver a contactarnos🙌.

Indicación para el ejecutivo: Debes crear SÓLO el caso con la siguiente casuística ""Solicitud de retiro de producto - No alimentario (170020)”. Recuerda seleccionar correctamente la resolución elegida por el cliente “Devolver en Punto BlueExpress”. Dirígete al final del Script para revisar todo el detalle necesario que requiere este caso.
 
C.-Retiro a domicilio:

Te comento que, de acuerdo con tu solicitud, voy a verificar en nuestro sistema una posible fecha de retiro🗓️. (Revisar Excel de coberturas Marketplace).
De acuerdo con la información que me entrega nuestro sistema, La fecha de retiro será el día👉 XX-XX-XXXX.  
Para que se ejecute el retiro, es necesario que me otorgues la siguiente información👇:

Indicación para el ejecutivo: Debes crear SÓLO el caso con la siguiente casuística ""Solicitud de retiro de producto - No alimentario (170020)"". Recuerda seleccionar correctamente la resolución elegida por el cliente “reagendamiento de retiro”. Dirígete al final del Script para revisar todo el detalle necesario que requiere este caso.

IMPORTANTE:

**Detalle necesario que requiere el caso**:

•Descripción del caso debe comenzar con el encabezado: “Retiro en domicilio para Devolución de Dinero” o “Devolución en Puntos BlueExpress COPEC” según la opción elegida por el cliente.

•Número del Sg a Retirar:

•Descripción del producto: Tal como indica “HOLA” indica ítem Ejem 1234 Refrigerador.

•Cantidad de Unidades a Retirar:

•Precio del producto:

•Estado del producto: ""Sin daño, Daño menor, Daño grave, Daño irreparable"" y

adicional indica detalles del daño en caso de tenerlo como (abollado, rallado, quebrado).

•Estado del Embalaje: ""Embalado cliente""/""Nuevo y Sellado""/""Embalaje con daños"".

Siempre indicar a cliente que debe estar embalado.

•Cantidad de Bultos: Bultos/Paquetes en los que el cliente entregará el producto.

•Tipo de producto: BIG o Parcel, según corresponda.""",1
c154,154,Producto,Garantía legal,"Cliente reclama que recibió un producto incompleto. Por ejemplo, le faltan piezas para poder armarlo.",Reclamo,Producto con pieza faltante (155127),155127,Producto con pieza faltante,"Crear un caso en HOLA

*Si el monto de compra es menor a $1.000 se devolverá como pesos Mi club (excepto pagos con T Lider).

*Alerta “En caso de Garantía Legal o de Satisfacción, debes derivar a este cliente a tienda para que pueda ejercer la garantía con el producto físico y el documento que acredite la entrega” sobre la información personal del cliente. Crear caso y en la “Resolución elegida por el cliente” seleccionar “Cliente derivado a local” e indicar al cliente que debe ir a local.","SOD

a) Monto a devolver es MAYOR a $15.000:*

Indicación para el ejecutivo: Debes crear caso según la causa de Garantía Legal indicando el detalle del problema del cliente en la descripción, adjuntando la fotografía de evidencia en el caso WhatsApp (la fotografía no es obligatoria para hacer valer la garantia, pero si debe solicitarse y adjuntarse si el cliente la envia como evidencia) y selecciona como resolución “cliente derivado a local"":

Te comento que para gestionar tu caso, debes dirigirte al local más cercano con el producto y la boleta o cualquier documento que acredite la compra🛒. De todas maneras, dejaré un registro de lo que me indicaste durante esta atención. Me podrías por favor facilitar fotos del producto para adjuntarlo  como evidencia en el caso🙌.

b) Monto a devolver es MENOR o igual a $15.000*
 
Indicación  para el ejecutivo: En ese caso debes realizar la cancelación de el/los productos(s) en Excalibur. Apóyate con el siguiente documento (Anulado parcial en primer contacto -SOD)
 
¿Te permitió cancelar los productos en Excalibur?

*NO se pudo cancelar en Excalibur el/los productos que el cliente reclamó:

Indicación para el ejecutivo: Deberás crear el caso según el requerimiento del cliente, en la descripción deberás agregar la siguiente glosa “Error en cancelar” seguido de lo mencionado por el cliente,y adjuntando la fotografía de evidencia. Adicionalmente en la “Resolución elegida por el cliente” deberás seleccionar “Devolución de dinero”:

Te comento que debo registrar este caso para poder gestionar la devolución de tu dinero, la cual se podrá ver reflejada dentro del día o un plazo máximo de 7 días hábiles🤝. Por favor, ¿me podrías facilitar fotos del producto para adjuntarlo como evidencia en el caso?💻.

Indicación para el ejecutivo: la fotografía no es obligatoria para hacer valer la garantia, pero si debe solicitarse y adjuntarse si el cliente la envia como evidencia.

Se pudo cancelar en Excalibur el/los productos que el cliente reclamo (ANULACIÓN PARCIAL EN PRIMER CONTACTO):

Indicación para el ejecutivo: Una vez que se haya generado la anulación deberás generar la captura de la cancelación de Excalibur, posteriormente debes crear caso con la resolución “Producto/s anulado en primer contacto” y deberás adjuntar la captura de la cancelación realizada, adjuntando la fotografía de evidencia en el caso:

Te comento que realizaré la anulación de los productos que me indicaste del pedido con número XXXX. El monto a devolver es de $XXXX y la devolución de tu dinero se podrá ver reflejada dentro del día o un plazo máximo de 7 días hábiles🤝. Por favor, ¿me podrías facilitar fotos del producto para adjuntarlo  como evidencia en el caso?💻.

Indicación para el ejecutivo: la fotografía no es obligatoria para hacer valer la garantia, pero si debe solicitarse y adjuntarse si el cliente la envia como evidencia.

Indicación para el ejecutivo: Debes validar si ya existe algún caso creado asociado a la orden de compra del cliente y una compensación solicitada. De no tener ningún caso de compensación, debes entregar la siguiente información al cliente:

Adicionalmente, solicitaré que pueda realizarse un abono excepcional en Pesos Mi Club para mejorar tu experiencia🙌, el que se hará efectivo en el transcurso de los próximos 5 días. Esto está sujeto a que no tengas otro abono anterior por la misma compra🤝.
 
**SÓLO Alerta en HOLA para garantías SOD/CATEX/MKTP **

Pickup/ Home Delivery:

Te comento que para poder gestionar tu requerimiento, debes dirigirte al local más cercano con la boleta que acredite la compra🛒. De todas maneras, te informo que registraré este caso acerca de lo que solicitaste durante esta atención. Por favor, ¿me podrías facilitar fotos del producto para adjuntarlo como evidencia del caso?🙌.

Indicación para el ejecutivo: la fotografía no es obligatoria para hacer valer la garantia, pero si debe solicitarse y adjuntarse si el cliente la envia como evidencia .

Indicación para el ejecutivo: Ingresar caso con resolución ""cliente derivado a local"".

CATEX (HD y Pickup)

1. Monto menor o igual a 15.000 (aplica KIP):

Para poder realizar la devolución de tu dinero, registraré en nuestro sistema tu solicitud. tu caso será gestionado dentro de los próximos 3 días hábiles🤝. Por favor, ¿me podrías facilitar fotos del producto para adjuntarlo  como evidencia en el caso?💻.

Indicación para el ejecutivo: la fotografía no es obligatoria para hacer valer la garantia, pero si debe solicitarse y adjuntarse si el cliente la envia como evidencia.

Indiación para el ejecutivo: Debes crear caso según la causa de Garantía Legal indicando el detalle del problema del cliente en la descripción, adjuntando la fotografía de evidencia en el caso y selecciona como resolución ""devolver dinero"".

2. Monto mayor a 15.000 (no aplica KIP)

Indicación para el ejecutivo: Debes consultar al cliente si desea el Cambio de producto o la Devolución del dinero.

(respuesta cliente)

2.1 Si el cliente quiere cambio de producto

Indicación para el ejecutivo: Debes crear caso según la causa de Garantía Legal indicando el detalle del problema del cliente en la descripción, adjuntando la fotografía de evidencia en el caso  y selecciona como resolución ""Cambiar producto"".

Indicación para el ejecutivo: la fotografía no es obligatoria para hacer valer la garantia, pero si debe solicitarse y adjuntarse si el cliente la envia como evidencia.

2.2 Si el cliente quiere devolución de dinero:

Te informo que para proceder con la devolución de tu dinero, tienes dos opciones👉: Puedes dirigirte a la tienda con la boleta o agendar el correspondiente retiro. Por favor, ¿me podrías indicar qué opción prefieres?🙌.

(respuesta del cliente)

a) Cliente prefiere dirigirse a tienda:
Entiendo, en ese caso debes dirigirte al local más cercano con el producto y la boleta para que puedan realizar la gestión correspondiente. De todas maneras, te informo que registraré este caso acerca de lo que solicitaste durante esta atención💻. Por favor, ¿me podrías facilitar fotos del producto para adjuntarlo como evidencia en el caso?🤝.

Indicación para el ejecutivo: la fotografía no es obligatoria para hacer valer la garantia, pero si debe solicitarse y adjuntarse si el cliente la envia como evidencia.

Indicación para el ejecutivo: Debes crear caso según la causa de Garantía Legal indicando el detalle del problema del cliente en la descripción, adjuntando la fotografía de evidencia en el caso WhatsApp y selecciona como resolución ""Cliente derivado a local"".

b) Cliente prefiere retiro del producto:

Te comento que debo registrar este caso para que el área especializada se comunique contigo y adicionalmente pueda revisar en detalle la información asociada a la entrega de tu pedido. El plazo de resolución es de 7 días🤝. Por favor, ¿me podrías facilitar fotos del producto para adjuntarlo  como evidencia en el caso?💻.

Indicación para el ejecutivo: la fotografía no es obligatoria para hacer valer la garantia, pero si debe solicitarse y adjuntarse si el cliente la envia como evidencia.

Indicación para el ejecutivo: Debes crear caso según la causa de Garantía Legal indicando el detalle del problema del cliente en la descripción, adjuntando la fotografía de evidencia en el caso y selecciona como resolución ""Devolver dinero (Posterior al retiro de producto)"".

ECOMMERCE (MARKETPLACE)

Indicación para el ejecutivo: Si cliente manifiesta que desea la devolución del producto por cualquier causa de garantía (de Satisfacción/Legal) en productos vendidos por Marketplace y Marketplace Internacional, debes inicialmente identificar qué producto es, posteriormente validar tipo de entrega:

Indicación para el ejecutivo: *Debes validar la fecha de compra, cuidando los plazos de garantía*:

Revisé tu compra y el producto está próximo a vencer su garantía☝️ (de Satisfacción/Legal). Para poder ayudarte a tiempo, la alternativa más rápida es que acudas a locales Hiper Lider con el producto y boleta🤝.

Tipo de entrega Pickup: Para este tipo de compra la única opción que debemos indicar al cliente es < Realizar la entrega del producto en locales Hiper Lider >. *(Debes continuar la atención con las indicaciones detallados en la opción A)*.

Tipo de entrega HD:

CASO 1:

-Producto Parcel: (Producto pequeño, fácil de transportar y que se envíe por mensajería) y cuyo valor sea igual o menor a $125.000 a excepción de productos frágiles:
Para este tipo de productos, puedes elegir entre las 3 opciones disponibles para devolver el mismo👉: Realizar la entrega del producto en locales Hiper Lider, devolver el producto en Puntos BlueExpress COPEC, o solicitar el retiro en domicilio🚚. *(Debes continuar la atención con las indicaciones detalladas según la opción elegida por el cliente A, B o C)*.
 
CASO 2:
 
-Producto Parcel: (Producto pequeño, fácil de transportar y que se envíe por mensajería) y cuyo valor sea mayor a $125.000 incluyendo productos frágiles:
Para este tipo de productos, puedes elegir entre las 2 opciones disponibles para devolver el mismo👉: Realizar la entrega del producto en locales Hiper Lider o solicitar el retiro en domicilio🚚. *(Debes continuar la atención con las indicaciones detalladas según la opción elegida por el cliente A o C)*.
 
CASO 3:
 
-Producto BIG: Camas, colchones, refrigeradores, cocinas y lavadoras: Para este tipo de producto la única opción que debemos indicar al cliente es <Retiro en domicilio para su posterior devolución de dinero>. *(Debes continuar la atención con las indicaciones detallados en la opción C)*.

Opción elegida por el cliente:

A.- realizar entrega de producto en locales Hiper Lider:
Te comento que, de acuerdo con tu solicitud, puedes acercarte a cualquiera de nuestras tiendas HIPER LIDER y entregar el producto en el área de Servicio al Cliente☝️.  
Una vez realizada la entrega, se generará automáticamente la devolución del dinero al mismo medio de pago utilizado en tu compra🛍️. En la tienda se te entregará un comprobante con los detalles de la devolución🤝.

Indicación para el ejecutivo: Debes crear SÓLO el caso con la casuística de garantía legal correctamente identificada. Recuerda seleccionar correctamente la resolución elegida por el cliente “Cliente derivado a local”.
 
B.-Devolución en Puntos BlueExpress COPEC:

Te comento que, voy a registrar el caso para que el área especializada se comunique contigo dentro de los próximos 3 días🗓️. Una vez te contacten, recibirás un correo con la etiqueta y las instrucciones para embalar el producto correctamente. Con el producto ya embalado según las indicaciones, podrás llevarlo a cualquier Punto BlueExpress COPEC habilitado para completar la devolución. Te recomiendo entregarlo directamente en el mesón del punto BlueExpress COPEC🤝.

Indicación para el ejecutivo: si cliente solicita apoyo con la dirección del punto copec más cercano a su domicilio. Debes validar la información en el link: https://www.blue.cl/personas/puntos-de-entrega, completar los datos necesarios y filtrando en el campo “tipos de punto” eligiendo la opción: Puntos BlueExpress COPEC. Podrás obtener la respuesta para el cliente y entregar la dirección.

Te comento que, el plazo máximo para entregar el producto es de 3 días desde la emisión de la etiqueta☝️. Si se excede este tiempo, deberás volver a contactarnos🙌.

Indicación para el ejecutivo: Debes crear SÓLO el caso con la siguiente casuística ""Coordinación retiro/entrega de producto en domicilio/punto”. Recuerda seleccionar correctamente la resolución elegida por el cliente “Devolver en Punto BlueExpress”. Dirígete al final del Script para revisar todo el detalle necesario que requiere este caso.
 
C.-Retiro a domicilio:

Te comento que, de acuerdo con tu solicitud, voy a verificar en nuestro sistema una posible fecha de retiro🗓️. (Revisar Excel de coberturas Marketplace).
De acuerdo con la información que me entrega nuestro sistema, La fecha de retiro será el día👉 XX-XX-XXXX.  
Para que se ejecute el retiro, es necesario que me otorgues la siguiente información👇:

Indicación para el ejecutivo: Debes crear SÓLO el caso con la siguiente casuística ""Coordinación retiro/entrega de producto en domicilio/punto"". Recuerda seleccionar correctamente la resolución elegida por el cliente “reagendamiento de retiro”. Dirígete al final del Script para revisar todo el detalle necesario que requiere este caso.

IMPORTANTE:

**Detalle necesario que requiere el caso**:

•Descripción del caso debe comenzar con el encabezado: “Retiro en domicilio para Devolución de Dinero” o “Devolución en Puntos BlueExpress COPEC” según la opción elegida por el cliente.

•Número del Sg a Retirar:

•Descripción del producto: Tal como indica “HOLA” indica ítem Ejem 1234 Refrigerador.

•Cantidad de Unidades a Retirar:

•Precio del producto:

•Estado del producto: ""Sin daño, Daño menor, Daño grave, Daño irreparable"" y

adicional indica detalles del daño en caso de tenerlo como (abollado, rallado, quebrado).

•Estado del Embalaje: ""Embalado cliente""/""Nuevo y Sellado""/""Embalaje con daños"".

Siempre indicar a cliente que debe estar embalado.

•Cantidad de Bultos: Bultos/Paquetes en los que el cliente entregará el producto.

•Tipo de producto: BIG o Parcel, según corresponda.""",1
c155,155,Producto,Garantía legal,Cliente reclama que producto entregado presenta daño en empaque (puede llegar roto o sin embalaje),Reclamo,Producto con daño en embalaje (155126),155126,Producto daño en embalaje,"Crear un caso en HOLA

*Si el monto de compra es menor a $1.000 se devolverá como pesos Mi club (excepto pagos con T Lider).

*Alerta “En caso de Garantía Legal o de Satisfacción, debes derivar a este cliente a tienda para que pueda ejercer la garantía con el producto físico y el documento que acredite la entrega” sobre la información personal del cliente. Crear caso y en la “Resolución elegida por el cliente” seleccionar “Cliente derivado a local” e indicar al cliente que debe ir a local.","SOD

a) Monto a devolver es MAYOR a $15.000:*

Indicación para el ejecutivo: Debes crear caso según la causa de Garantía Legal indicando el detalle del problema del cliente en la descripción, adjuntando la fotografía de evidencia en el caso WhatsApp (la fotografía no es obligatoria para hacer valer la garantia, pero si debe solicitarse y adjuntarse si el cliente la envia como evidencia) y selecciona como resolución “cliente derivado a local"":

Te comento que para gestionar tu caso, debes dirigirte al local más cercano con el producto y la boleta o cualquier documento que acredite la compra🛒. De todas maneras, dejaré un registro de lo que me indicaste durante esta atención. Me podrías por favor facilitar fotos del producto para adjuntarlo  como evidencia en el caso🙌.

b) Monto a devolver es MENOR o igual a $15.000*
 
Indicación  para el ejecutivo: En ese caso debes realizar la cancelación de el/los productos(s) en Excalibur. Apóyate con el siguiente documento (Anulado parcial en primer contacto -SOD)
 
¿Te permitió cancelar los productos en Excalibur?

*NO se pudo cancelar en Excalibur el/los productos que el cliente reclamó:

Indicación para el ejecutivo: Deberás crear el caso según el requerimiento del cliente, en la descripción deberás agregar la siguiente glosa “Error en cancelar” seguido de lo mencionado por el cliente,y adjuntando la fotografía de evidencia. Adicionalmente en la “Resolución elegida por el cliente” deberás seleccionar “Devolución de dinero”:

Te comento que debo registrar este caso para poder gestionar la devolución de tu dinero, la cual se podrá ver reflejada dentro del día o un plazo máximo de 7 días hábiles🤝. Por favor, ¿me podrías facilitar fotos del producto para adjuntarlo como evidencia en el caso?💻.

Indicación para el ejecutivo: la fotografía no es obligatoria para hacer valer la garantia, pero si debe solicitarse y adjuntarse si el cliente la envia como evidencia.

Se pudo cancelar en Excalibur el/los productos que el cliente reclamo (ANULACIÓN PARCIAL EN PRIMER CONTACTO):

Indicación para el ejecutivo: Una vez que se haya generado la anulación deberás generar la captura de la cancelación de Excalibur, posteriormente debes crear caso con la resolución “Anulado en primer contacto” y deberás adjuntar la captura de la cancelación realizada, adjuntando la fotografía de evidencia en el caso:

Te comento que realizaré la anulación de los productos que me indicaste del pedido con número XXXX. El monto a devolver es de $XXXX y la devolución de tu dinero se podrá ver reflejada dentro del día o un plazo máximo de 7 días hábiles🤝. Por favor, ¿me podrías facilitar fotos del producto para adjuntarlo  como evidencia en el caso?💻.

Indicación para el ejecutivo: la fotografía no es obligatoria para hacer valer la garantia, pero si debe solicitarse y adjuntarse si el cliente la envia como evidencia.

Indicación para el ejecutivo: Debes validar si ya existe algún caso creado asociado a la orden de compra del cliente y una compensación solicitada. De no tener ningún caso de compensación, debes entregar la siguiente información al cliente:

Adicionalmente, solicitaré que pueda realizarse un abono excepcional en Pesos Mi Club para mejorar tu experiencia🙌, el que se hará efectivo en el transcurso de los próximos 5 días. Esto está sujeto a que no tengas otro abono anterior por la misma compra🤝.
 
**SÓLO Alerta en HOLA para garantías SOD/CATEX/MKTP **

Pickup/ Home Delivery:

Te comento que para poder gestionar tu requerimiento, debes dirigirte al local más cercano con la boleta que acredite la compra🛒. De todas maneras, te informo que registraré este caso acerca de lo que solicitaste durante esta atención. Por favor, ¿me podrías facilitar fotos del producto para adjuntarlo como evidencia del caso?🙌.

Indicación para el ejecutivo: la fotografía no es obligatoria para hacer valer la garantia, pero si debe solicitarse y adjuntarse si el cliente la envia como evidencia .

Indicación para el ejecutivo: Ingresar caso con resolución ""cliente derivado a local"".

CATEX (HD y Pickup)

1. Monto menor o igual a 15.000 (aplica KIP):

Para poder realizar la devolución de tu dinero, registraré en nuestro sistema tu solicitud. tu caso será gestionado dentro de los próximos 3 días hábiles🤝. Por favor, ¿me podrías facilitar fotos del producto para adjuntarlo  como evidencia en el caso?💻.

Indicación para el ejecutivo: la fotografía no es obligatoria para hacer valer la garantia, pero si debe solicitarse y adjuntarse si el cliente la envia como evidencia.

Indiación para el ejecutivo: Debes crear caso según la causa de Garantía Legal indicando el detalle del problema del cliente en la descripción, adjuntando la fotografía de evidencia en el caso y selecciona como resolución ""devolución de dinero"".

2. Monto mayor a 15.000 (no aplica KIP)

Indicación para el ejecutivo: Debes consultar al cliente si desea el Cambio de producto o la Devolución del dinero.

(respuesta cliente)

2.1 Si el cliente quiere cambio de producto

Indicación para el ejecutivo: Debes crear caso según la causa de Garantía Legal indicando el detalle del problema del cliente en la descripción, adjuntando la fotografía de evidencia en el caso  y selecciona como resolución ""Cambiar producto"".

Indicación para el ejecutivo: la fotografía no es obligatoria para hacer valer la garantia, pero si debe solicitarse y adjuntarse si el cliente la envia como evidencia.

2.2 Si el cliente quiere devolución de dinero:

Te informo que para proceder con la devolución de tu dinero, tienes dos opciones👉: Puedes dirigirte a la tienda con la boleta o agendar el correspondiente retiro. Por favor, ¿me podrías indicar qué opción prefieres?🙌.

(respuesta del cliente)

a) Cliente prefiere dirigirse a tienda:
Entiendo, en ese caso debes dirigirte al local más cercano con el producto y la boleta para que puedan realizar la gestión correspondiente. De todas maneras, te informo que registraré este caso acerca de lo que solicitaste durante esta atención💻. Por favor, ¿me podrías facilitar fotos del producto para adjuntarlo como evidencia en el caso?🤝.

Indicación para el ejecutivo: la fotografía no es obligatoria para hacer valer la garantia, pero si debe solicitarse y adjuntarse si el cliente la envia como evidencia.

Indicación para el ejecutivo: Debes crear caso según la causa de Garantía Legal indicando el detalle del problema del cliente en la descripción, adjuntando la fotografía de evidencia en el caso WhatsApp y selecciona como resolución ""Cliente derivado a local"".

b) Cliente prefiere retiro del producto:

Te comento que debo registrar este caso para que el área especializada se comunique contigo y adicionalmente pueda revisar en detalle la información asociada a la entrega de tu pedido. El plazo de resolución es de 7 días🤝. Por favor, ¿me podrías facilitar fotos del producto para adjuntarlo  como evidencia en el caso?💻.

Indicación para el ejecutivo: la fotografía no es obligatoria para hacer valer la garantia, pero si debe solicitarse y adjuntarse si el cliente la envia como evidencia.

Indicación para el ejecutivo: Debes crear caso según la causa de Garantía Legal indicando el detalle del problema del cliente en la descripción, adjuntando la fotografía de evidencia en el caso y selecciona como resolución ""Devolver dinero (Posterior al retiro de producto)"".

ECOMMERCE (MARKETPLACE)

Indicación para el ejecutivo: Si cliente manifiesta que desea la devolución del producto por cualquier causa de garantía (de Satisfacción/Legal) en productos vendidos por Marketplace y Marketplace Internacional, debes inicialmente identificar qué producto es, posteriormente validar tipo de entrega:

Indicación para el ejecutivo: *Debes validar la fecha de compra, cuidando los plazos de garantía*:

Revisé tu compra y el producto está próximo a vencer su garantía☝️ (de Satisfacción/Legal). Para poder ayudarte a tiempo, la alternativa más rápida es que acudas a locales Hiper Lider con el producto y boleta🤝.

Tipo de entrega Pickup: Para este tipo de compra la única opción que debemos indicar al cliente es < Realizar la entrega del producto en locales Hiper Lider >. *(Debes continuar la atención con las indicaciones detallados en la opción A)*.

Tipo de entrega HD:

CASO 1:

-Producto Parcel: (Producto pequeño, fácil de transportar y que se envíe por mensajería) y cuyo valor sea igual o menor a $125.000 a excepción de productos frágiles:
Para este tipo de productos, puedes elegir entre las 3 opciones disponibles para devolver el mismo👉: Realizar la entrega del producto en locales Hiper Lider, devolver el producto en Puntos BlueExpress COPEC, o solicitar el retiro en domicilio🚚. *(Debes continuar la atención con las indicaciones detalladas según la opción elegida por el cliente A, B o C)*.
 
CASO 2:
 
-Producto Parcel: (Producto pequeño, fácil de transportar y que se envíe por mensajería) y cuyo valor sea mayor a $125.000 incluyendo productos frágiles:
Para este tipo de productos, puedes elegir entre las 2 opciones disponibles para devolver el mismo👉: Realizar la entrega del producto en locales Hiper Lider o solicitar el retiro en domicilio🚚. *(Debes continuar la atención con las indicaciones detalladas según la opción elegida por el cliente A o C)*.
 
CASO 3:
 
-Producto BIG: Camas, colchones, refrigeradores, cocinas y lavadoras: Para este tipo de producto la única opción que debemos indicar al cliente es <Retiro en domicilio para su posterior devolución de dinero>. *(Debes continuar la atención con las indicaciones detallados en la opción C)*.

Opción elegida por el cliente:

A.- realizar entrega de producto en locales Hiper Lider:
Te comento que, de acuerdo con tu solicitud, puedes acercarte a cualquiera de nuestras tiendas HIPER LIDER y entregar el producto en el área de Servicio al Cliente☝️.  
Una vez realizada la entrega, se generará automáticamente la devolución del dinero al mismo medio de pago utilizado en tu compra🛍️. En la tienda se te entregará un comprobante con los detalles de la devolución🤝.

Indicación para el ejecutivo: Debes crear SÓLO el caso con la casuística de garantía legal correctamente identificada. Recuerda seleccionar correctamente la resolución elegida por el cliente “Cliente derivado a local”.
 
B.-Devolución en Puntos BlueExpress COPEC:

Te comento que, voy a registrar el caso para que el área especializada se comunique contigo dentro de los próximos 3 días🗓️. Una vez te contacten, recibirás un correo con la etiqueta y las instrucciones para embalar el producto correctamente. Con el producto ya embalado según las indicaciones, podrás llevarlo a cualquier Punto BlueExpress COPEC habilitado para completar la devolución. Te recomiendo entregarlo directamente en el mesón del punto BlueExpress COPEC🤝.

Indicación para el ejecutivo: si cliente solicita apoyo con la dirección del punto copec más cercano a su domicilio. Debes validar la información en el link: https://www.blue.cl/personas/puntos-de-entrega, completar los datos necesarios y filtrando en el campo “tipos de punto” eligiendo la opción: Puntos BlueExpress COPEC. Podrás obtener la respuesta para el cliente y entregar la dirección.

Te comento que, el plazo máximo para entregar el producto es de 3 días desde la emisión de la etiqueta☝️. Si se excede este tiempo, deberás volver a contactarnos🙌.

Indicación para el ejecutivo: Debes crear SÓLO el caso con la siguiente casuística ""Solicitud de retiro de producto - No alimentario (170020)”. Recuerda seleccionar correctamente la resolución elegida por el cliente “Devolver en Punto BlueExpress”. Dirígete al final del Script para revisar todo el detalle necesario que requiere este caso.
 
C.-Retiro a domicilio:

Te comento que, de acuerdo con tu solicitud, voy a verificar en nuestro sistema una posible fecha de retiro🗓️. (Revisar Excel de coberturas Marketplace).
De acuerdo con la información que me entrega nuestro sistema, La fecha de retiro será el día👉 XX-XX-XXXX.  
Para que se ejecute el retiro, es necesario que me otorgues la siguiente información👇:

Indicación para el ejecutivo: Debes crear SÓLO el caso con la siguiente casuística ""Solicitud de retiro de producto - No alimentario (170020)"". Recuerda seleccionar correctamente la resolución elegida por el cliente “reagendamiento de retiro”. Dirígete al final del Script para revisar todo el detalle necesario que requiere este caso.

IMPORTANTE:

**Detalle necesario que requiere el caso**:

•Descripción del caso debe comenzar con el encabezado: “Retiro en domicilio para Devolución de Dinero” o “Devolución en Puntos BlueExpress COPEC” según la opción elegida por el cliente.

•Número del Sg a Retirar:

•Descripción del producto: Tal como indica “HOLA” indica ítem Ejem 1234 Refrigerador.

•Cantidad de Unidades a Retirar:

•Precio del producto:

•Estado del producto: ""Sin daño, Daño menor, Daño grave, Daño irreparable"" y

adicional indica detalles del daño en caso de tenerlo como (abollado, rallado, quebrado).

•Estado del Embalaje: ""Embalado cliente""/""Nuevo y Sellado""/""Embalaje con daños"".

Siempre indicar a cliente que debe estar embalado.

•Cantidad de Bultos: Bultos/Paquetes en los que el cliente entregará el producto.

•Tipo de producto: BIG o Parcel, según corresponda.""",1
c156,156,Producto,Garantía legal,"Cliente reclama que recibió producto diferente a la descripción de la web (color, dimensión, característica...) descartando que no es sustituto",Reclamo,Producto distinto a la descripción (155123),155123,Producto distinto a la descripción,"Crear un caso en HOLA

*Si el monto de compra es menor a $1.000 se devolverá como pesos Mi club (excepto pagos con T Lider).

*Alerta “En caso de Garantía Legal o de Satisfacción, debes derivar a este cliente a tienda para que pueda ejercer la garantía con el producto físico y el documento que acredite la entrega” sobre la información personal del cliente. Crear caso y en la “Resolución elegida por el cliente” seleccionar “Cliente derivado a local” e indicar al cliente que debe ir a local.","SOD

a) Monto a devolver es MAYOR a $15.000:*

Indicación para el ejecutivo: Debes crear caso según la causa de Garantía Legal indicando el detalle del problema del cliente en la descripción, adjuntando la fotografía de evidencia en el caso WhatsApp (la fotografía no es obligatoria para hacer valer la garantia, pero si debe solicitarse y adjuntarse si el cliente la envia como evidencia) y selecciona como resolución “cliente derivado a local"":

Te comento que para gestionar tu caso, debes dirigirte al local más cercano con el producto y la boleta o cualquier documento que acredite la compra🛒. De todas maneras, dejaré un registro de lo que me indicaste durante esta atención. Me podrías por favor facilitar fotos del producto para adjuntarlo  como evidencia en el caso🙌.

b) Monto a devolver es MENOR o igual a $15.000*
 
Indicación  para el ejecutivo: En ese caso debes realizar la cancelación de el/los productos(s) en Excalibur. Apóyate con el siguiente documento (Anulado parcial en primer contacto -SOD)
 
¿Te permitió cancelar los productos en Excalibur?

*NO se pudo cancelar en Excalibur el/los productos que el cliente reclamó:

Indicación para el ejecutivo: Deberás crear el caso según el requerimiento del cliente, en la descripción deberás agregar la siguiente glosa “Error en cancelar” seguido de lo mencionado por el cliente,y adjuntando la fotografía de evidencia. Adicionalmente en la “Resolución elegida por el cliente” deberás seleccionar “Devolución de dinero”:

Te comento que debo registrar este caso para poder gestionar la devolución de tu dinero, la cual se podrá ver reflejada dentro del día o un plazo máximo de 7 días hábiles🤝. Por favor, ¿me podrías facilitar fotos del producto para adjuntarlo como evidencia en el caso?💻.

Indicación para el ejecutivo: la fotografía no es obligatoria para hacer valer la garantia, pero si debe solicitarse y adjuntarse si el cliente la envia como evidencia.

Se pudo cancelar en Excalibur el/los productos que el cliente reclamo (ANULACIÓN PARCIAL EN PRIMER CONTACTO):

Indicación para el ejecutivo: Una vez que se haya generado la anulación deberás generar la captura de la cancelación de Excalibur, posteriormente debes crear caso con la resolución “Anulado en primer contacto” y deberás adjuntar la captura de la cancelación realizada, adjuntando la fotografía de evidencia en el caso:

Te comento que realizaré la anulación de los productos que me indicaste del pedido con número XXXX. El monto a devolver es de $XXXX y la devolución de tu dinero se podrá ver reflejada dentro del día o un plazo máximo de 7 días hábiles🤝. Por favor, ¿me podrías facilitar fotos del producto para adjuntarlo  como evidencia en el caso?💻.

Indicación para el ejecutivo: la fotografía no es obligatoria para hacer valer la garantia, pero si debe solicitarse y adjuntarse si el cliente la envia como evidencia.

Indicación para el ejecutivo: Debes validar si ya existe algún caso creado asociado a la orden de compra del cliente y una compensación solicitada. De no tener ningún caso de compensación, debes entregar la siguiente información al cliente:

Adicionalmente, solicitaré que pueda realizarse un abono excepcional en Pesos Mi Club para mejorar tu experiencia🙌, el que se hará efectivo en el transcurso de los próximos 5 días. Esto está sujeto a que no tengas otro abono anterior por la misma compra🤝.
 
**SÓLO Alerta en HOLA para garantías SOD/CATEX/MKTP **

Pickup/ Home Delivery:

Te comento que para poder gestionar tu requerimiento, debes dirigirte al local más cercano con la boleta que acredite la compra🛒. De todas maneras, te informo que registraré este caso acerca de lo que solicitaste durante esta atención. Por favor, ¿me podrías facilitar fotos del producto para adjuntarlo como evidencia del caso?🙌.

Indicación para el ejecutivo: la fotografía no es obligatoria para hacer valer la garantia, pero si debe solicitarse y adjuntarse si el cliente la envia como evidencia .

Indicación para el ejecutivo: Ingresar caso con resolución ""cliente derivado a local"".

CATEX (HD y Pickup)

1. Monto menor o igual a 15.000 (aplica KIP):

Para poder realizar la devolución de tu dinero, registraré en nuestro sistema tu solicitud. tu caso será gestionado dentro de los próximos 3 días hábiles🤝. Por favor, ¿me podrías facilitar fotos del producto para adjuntarlo  como evidencia en el caso?💻.

Indicación para el ejecutivo: la fotografía no es obligatoria para hacer valer la garantia, pero si debe solicitarse y adjuntarse si el cliente la envia como evidencia.

Indiación para el ejecutivo: Debes crear caso según la causa de Garantía Legal indicando el detalle del problema del cliente en la descripción, adjuntando la fotografía de evidencia en el caso y selecciona como resolución ""devolución de dinero"".

2. Monto mayor a 15.000 (no aplica KIP)

Indicación para el ejecutivo: Debes consultar al cliente si desea el Cambio de producto o la Devolución del dinero.

(respuesta cliente)

2.1 Si el cliente quiere cambio de producto

Indicación para el ejecutivo: Debes crear caso según la causa de Garantía Legal indicando el detalle del problema del cliente en la descripción, adjuntando la fotografía de evidencia en el caso  y selecciona como resolución ""Cambiar producto"".

Indicación para el ejecutivo: la fotografía no es obligatoria para hacer valer la garantia, pero si debe solicitarse y adjuntarse si el cliente la envia como evidencia.

2.2 Si el cliente quiere devolución de dinero:

Te informo que para proceder con la devolución de tu dinero, tienes dos opciones👉: Puedes dirigirte a la tienda con la boleta o agendar el correspondiente retiro. Por favor, ¿me podrías indicar qué opción prefieres?🙌.

(respuesta del cliente)

a) Cliente prefiere dirigirse a tienda:
Entiendo, en ese caso debes dirigirte al local más cercano con el producto y la boleta para que puedan realizar la gestión correspondiente. De todas maneras, te informo que registraré este caso acerca de lo que solicitaste durante esta atención💻. Por favor, ¿me podrías facilitar fotos del producto para adjuntarlo como evidencia en el caso?🤝.

Indicación para el ejecutivo: la fotografía no es obligatoria para hacer valer la garantia, pero si debe solicitarse y adjuntarse si el cliente la envia como evidencia.

Indicación para el ejecutivo: Debes crear caso según la causa de Garantía Legal indicando el detalle del problema del cliente en la descripción, adjuntando la fotografía de evidencia en el caso WhatsApp y selecciona como resolución ""Cliente derivado a local"".

b) Cliente prefiere retiro del producto:

Te comento que debo registrar este caso para que el área especializada se comunique contigo y adicionalmente pueda revisar en detalle la información asociada a la entrega de tu pedido. El plazo de resolución es de 7 días🤝. Por favor, ¿me podrías facilitar fotos del producto para adjuntarlo  como evidencia en el caso?💻.

Indicación para el ejecutivo: la fotografía no es obligatoria para hacer valer la garantia, pero si debe solicitarse y adjuntarse si el cliente la envia como evidencia.

Indicación para el ejecutivo: Debes crear caso según la causa de Garantía Legal indicando el detalle del problema del cliente en la descripción, adjuntando la fotografía de evidencia en el caso y selecciona como resolución ""Devolver dinero (Posterior al retiro de producto)"".

ECOMMERCE (MARKETPLACE)

Indicación para el ejecutivo: Si cliente manifiesta que desea la devolución del producto por cualquier causa de garantía (de Satisfacción/Legal) en productos vendidos por Marketplace y Marketplace Internacional, debes inicialmente identificar qué producto es, posteriormente validar tipo de entrega:

Indicación para el ejecutivo: *Debes validar la fecha de compra, cuidando los plazos de garantía*:

Revisé tu compra y el producto está próximo a vencer su garantía☝️ (de Satisfacción/Legal). Para poder ayudarte a tiempo, la alternativa más rápida es que acudas a locales Hiper Lider con el producto y boleta🤝.

Tipo de entrega Pickup: Para este tipo de compra la única opción que debemos indicar al cliente es < Realizar la entrega del producto en locales Hiper Lider >. *(Debes continuar la atención con las indicaciones detallados en la opción A)*.

Tipo de entrega HD:

CASO 1:

-Producto Parcel: (Producto pequeño, fácil de transportar y que se envíe por mensajería) y cuyo valor sea igual o menor a $125.000 a excepción de productos frágiles:
Para este tipo de productos, puedes elegir entre las 3 opciones disponibles para devolver el mismo👉: Realizar la entrega del producto en locales Hiper Lider, devolver el producto en Puntos BlueExpress COPEC, o solicitar el retiro en domicilio🚚. *(Debes continuar la atención con las indicaciones detalladas según la opción elegida por el cliente A, B o C)*.
 
CASO 2:
 
-Producto Parcel: (Producto pequeño, fácil de transportar y que se envíe por mensajería) y cuyo valor sea mayor a $125.000 incluyendo productos frágiles:
Para este tipo de productos, puedes elegir entre las 2 opciones disponibles para devolver el mismo👉: Realizar la entrega del producto en locales Hiper Lider o solicitar el retiro en domicilio🚚. *(Debes continuar la atención con las indicaciones detalladas según la opción elegida por el cliente A o C)*.
 
CASO 3:
 
-Producto BIG: Camas, colchones, refrigeradores, cocinas y lavadoras: Para este tipo de producto la única opción que debemos indicar al cliente es <Retiro en domicilio para su posterior devolución de dinero>. *(Debes continuar la atención con las indicaciones detallados en la opción C)*.

Opción elegida por el cliente:

A.- realizar entrega de producto en locales Hiper Lider:
Te comento que, de acuerdo con tu solicitud, puedes acercarte a cualquiera de nuestras tiendas HIPER LIDER y entregar el producto en el área de Servicio al Cliente☝️.  
Una vez realizada la entrega, se generará automáticamente la devolución del dinero al mismo medio de pago utilizado en tu compra🛍️. En la tienda se te entregará un comprobante con los detalles de la devolución🤝.

Indicación para el ejecutivo: Debes crear SÓLO el caso con la casuística de garantía legal correctamente identificada. Recuerda seleccionar correctamente la resolución elegida por el cliente “Cliente derivado a local”.
 
B.-Devolución en Puntos BlueExpress COPEC:

Te comento que, voy a registrar el caso para que el área especializada se comunique contigo dentro de los próximos 3 días🗓️. Una vez te contacten, recibirás un correo con la etiqueta y las instrucciones para embalar el producto correctamente. Con el producto ya embalado según las indicaciones, podrás llevarlo a cualquier Punto BlueExpress COPEC habilitado para completar la devolución. Te recomiendo entregarlo directamente en el mesón del punto BlueExpress COPEC🤝.

Indicación para el ejecutivo: si cliente solicita apoyo con la dirección del punto copec más cercano a su domicilio. Debes validar la información en el link: https://www.blue.cl/personas/puntos-de-entrega, completar los datos necesarios y filtrando en el campo “tipos de punto” eligiendo la opción: Puntos BlueExpress COPEC. Podrás obtener la respuesta para el cliente y entregar la dirección.

Te comento que, el plazo máximo para entregar el producto es de 3 días desde la emisión de la etiqueta☝️. Si se excede este tiempo, deberás volver a contactarnos🙌.

Indicación para el ejecutivo: Debes crear SÓLO el caso con la siguiente casuística ""Solicitud de retiro de producto - No alimentario (170020)”. Recuerda seleccionar correctamente la resolución elegida por el cliente “Devolver en Punto BlueExpress”. Dirígete al final del Script para revisar todo el detalle necesario que requiere este caso.
 
C.-Retiro a domicilio:

Te comento que, de acuerdo con tu solicitud, voy a verificar en nuestro sistema una posible fecha de retiro🗓️. (Revisar Excel de coberturas Marketplace).
De acuerdo con la información que me entrega nuestro sistema, La fecha de retiro será el día👉 XX-XX-XXXX.  
Para que se ejecute el retiro, es necesario que me otorgues la siguiente información👇:

Indicación para el ejecutivo: Debes crear SÓLO el caso con la siguiente casuística ""Solicitud de retiro de producto - No alimentario (170020)"". Recuerda seleccionar correctamente la resolución elegida por el cliente “reagendamiento de retiro”. Dirígete al final del Script para revisar todo el detalle necesario que requiere este caso.

IMPORTANTE:

**Detalle necesario que requiere el caso**:

•Descripción del caso debe comenzar con el encabezado: “Retiro en domicilio para Devolución de Dinero” o “Devolución en Puntos BlueExpress COPEC” según la opción elegida por el cliente.

•Número del Sg a Retirar:

•Descripción del producto: Tal como indica “HOLA” indica ítem Ejem 1234 Refrigerador.

•Cantidad de Unidades a Retirar:

•Precio del producto:

•Estado del producto: ""Sin daño, Daño menor, Daño grave, Daño irreparable"" y

adicional indica detalles del daño en caso de tenerlo como (abollado, rallado, quebrado).

•Estado del Embalaje: ""Embalado cliente""/""Nuevo y Sellado""/""Embalaje con daños"".

Siempre indicar a cliente que debe estar embalado.

•Cantidad de Bultos: Bultos/Paquetes en los que el cliente entregará el producto.

•Tipo de producto: BIG o Parcel, según corresponda.""",1
c158,158,Producto,Garantía legal,"Cliente reclama que recibió un producto con fallas de funcionamiento o deja de funcionar en 180 días. Ej. no enciende, se apaga, baja potencia...",Reclamo,Producto no funciona (155124),155124,Producto no funciona,"Crear un caso en HOLA

*Si el monto de compra es menor a $1.000 se devolverá como pesos Mi club (excepto pagos con T Lider).

*Alerta “En caso de Garantía Legal o de Satisfacción, debes derivar a este cliente a tienda para que pueda ejercer la garantía con el producto físico y el documento que acredite la entrega” sobre la información personal del cliente. Crear caso y en la “Resolución elegida por el cliente” seleccionar “Cliente derivado a local” e indicar al cliente que debe ir a local.","SOD

a) Monto a devolver es MAYOR a $15.000:*

Indicación para el ejecutivo: Debes crear caso según la causa de Garantía Legal indicando el detalle del problema del cliente en la descripción, adjuntando la fotografía de evidencia en el caso WhatsApp (la fotografía no es obligatoria para hacer valer la garantia, pero si debe solicitarse y adjuntarse si el cliente la envia como evidencia) y selecciona como resolución “cliente derivado a local"":

Te comento que para gestionar tu caso, debes dirigirte al local más cercano con el producto y la boleta o cualquier documento que acredite la compra🛒. De todas maneras, dejaré un registro de lo que me indicaste durante esta atención. Me podrías por favor facilitar fotos del producto para adjuntarlo  como evidencia en el caso🙌.

b) Monto a devolver es MENOR o igual a $15.000*
 
Indicación  para el ejecutivo: En ese caso debes realizar la cancelación de el/los productos(s) en Excalibur. Apóyate con el siguiente documento (Anulado parcial en primer contacto -SOD)
 
¿Te permitió cancelar los productos en Excalibur?

*NO se pudo cancelar en Excalibur el/los productos que el cliente reclamó:

Indicación para el ejecutivo: Deberás crear el caso según el requerimiento del cliente, en la descripción deberás agregar la siguiente glosa “Error en cancelar” seguido de lo mencionado por el cliente,y adjuntando la fotografía de evidencia. Adicionalmente en la “Resolución elegida por el cliente” deberás seleccionar “Devolución de dinero”:

Te comento que debo registrar este caso para poder gestionar la devolución de tu dinero, la cual se podrá ver reflejada dentro del día o un plazo máximo de 7 días hábiles🤝. Por favor, ¿me podrías facilitar fotos del producto para adjuntarlo como evidencia en el caso?💻.

Indicación para el ejecutivo: la fotografía no es obligatoria para hacer valer la garantia, pero si debe solicitarse y adjuntarse si el cliente la envia como evidencia.

Se pudo cancelar en Excalibur el/los productos que el cliente reclamo (ANULACIÓN PARCIAL EN PRIMER CONTACTO):

Indicación para el ejecutivo: Una vez que se haya generado la anulación deberás generar la captura de la cancelación de Excalibur, posteriormente debes crear caso con la resolución “Anulado en primer contacto” y deberás adjuntar la captura de la cancelación realizada, adjuntando la fotografía de evidencia en el caso:

Te comento que realizaré la anulación de los productos que me indicaste del pedido con número XXXX. El monto a devolver es de $XXXX y la devolución de tu dinero se podrá ver reflejada dentro del día o un plazo máximo de 7 días hábiles🤝. Por favor, ¿me podrías facilitar fotos del producto para adjuntarlo  como evidencia en el caso?💻.

Indicación para el ejecutivo: la fotografía no es obligatoria para hacer valer la garantia, pero si debe solicitarse y adjuntarse si el cliente la envia como evidencia.

Indicación para el ejecutivo: Debes validar si ya existe algún caso creado asociado a la orden de compra del cliente y una compensación solicitada. De no tener ningún caso de compensación, debes entregar la siguiente información al cliente:

Adicionalmente, solicitaré que pueda realizarse un abono excepcional en Pesos Mi Club para mejorar tu experiencia🙌, el que se hará efectivo en el transcurso de los próximos 5 días. Esto está sujeto a que no tengas otro abono anterior por la misma compra🤝.
 
**SÓLO Alerta en HOLA para garantías SOD/CATEX/MKTP **

Pickup/ Home Delivery:

Te comento que para poder gestionar tu requerimiento, debes dirigirte al local más cercano con la boleta que acredite la compra🛒. De todas maneras, te informo que registraré este caso acerca de lo que solicitaste durante esta atención. Por favor, ¿me podrías facilitar fotos del producto para adjuntarlo como evidencia del caso?🙌.

Indicación para el ejecutivo: la fotografía no es obligatoria para hacer valer la garantia, pero si debe solicitarse y adjuntarse si el cliente la envia como evidencia .

Indicación para el ejecutivo: Ingresar caso con resolución ""cliente derivado a local"".

CATEX (HD y Pickup)

1. Monto menor o igual a 15.000 (aplica KIP):

Para poder realizar la devolución de tu dinero, registraré en nuestro sistema tu solicitud. tu caso será gestionado dentro de los próximos 3 días hábiles🤝. Por favor, ¿me podrías facilitar fotos del producto para adjuntarlo  como evidencia en el caso?💻.

Indicación para el ejecutivo: la fotografía no es obligatoria para hacer valer la garantia, pero si debe solicitarse y adjuntarse si el cliente la envia como evidencia.

Indiación para el ejecutivo: Debes crear caso según la causa de Garantía Legal indicando el detalle del problema del cliente en la descripción, adjuntando la fotografía de evidencia en el caso y selecciona como resolución ""devolución de dinero"".

2. Monto mayor a 15.000 (no aplica KIP)

Indicación para el ejecutivo: Debes consultar al cliente si desea el Cambio de producto o la Devolución del dinero.

(respuesta cliente)

2.1 Si el cliente quiere cambio de producto

Indicación para el ejecutivo: Debes crear caso según la causa de Garantía Legal indicando el detalle del problema del cliente en la descripción, adjuntando la fotografía de evidencia en el caso  y selecciona como resolución ""Cambiar producto"".

Indicación para el ejecutivo: la fotografía no es obligatoria para hacer valer la garantia, pero si debe solicitarse y adjuntarse si el cliente la envia como evidencia.

2.2 Si el cliente quiere devolución de dinero:

Te informo que para proceder con la devolución de tu dinero, tienes dos opciones👉: Puedes dirigirte a la tienda con la boleta o agendar el correspondiente retiro. Por favor, ¿me podrías indicar qué opción prefieres?🙌.

(respuesta del cliente)

a) Cliente prefiere dirigirse a tienda:
Entiendo, en ese caso debes dirigirte al local más cercano con el producto y la boleta para que puedan realizar la gestión correspondiente. De todas maneras, te informo que registraré este caso acerca de lo que solicitaste durante esta atención💻. Por favor, ¿me podrías facilitar fotos del producto para adjuntarlo como evidencia en el caso?🤝.

Indicación para el ejecutivo: la fotografía no es obligatoria para hacer valer la garantia, pero si debe solicitarse y adjuntarse si el cliente la envia como evidencia.

Indicación para el ejecutivo: Debes crear caso según la causa de Garantía Legal indicando el detalle del problema del cliente en la descripción, adjuntando la fotografía de evidencia en el caso WhatsApp y selecciona como resolución ""Cliente derivado a local"".

b) Cliente prefiere retiro del producto:

Te comento que debo registrar este caso para que el área especializada se comunique contigo y adicionalmente pueda revisar en detalle la información asociada a la entrega de tu pedido. El plazo de resolución es de 7 días🤝. Por favor, ¿me podrías facilitar fotos del producto para adjuntarlo  como evidencia en el caso?💻.

Indicación para el ejecutivo: la fotografía no es obligatoria para hacer valer la garantia, pero si debe solicitarse y adjuntarse si el cliente la envia como evidencia.

Indicación para el ejecutivo: Debes crear caso según la causa de Garantía Legal indicando el detalle del problema del cliente en la descripción, adjuntando la fotografía de evidencia en el caso y selecciona como resolución ""Devolver dinero (Posterior al retiro de producto)"".

ECOMMERCE (MARKETPLACE)

Indicación para el ejecutivo: Si cliente manifiesta que desea la devolución del producto por cualquier causa de garantía (de Satisfacción/Legal) en productos vendidos por Marketplace y Marketplace Internacional, debes inicialmente identificar qué producto es, posteriormente validar tipo de entrega:

Indicación para el ejecutivo: *Debes validar la fecha de compra, cuidando los plazos de garantía*:

Revisé tu compra y el producto está próximo a vencer su garantía☝️ (de Satisfacción/Legal). Para poder ayudarte a tiempo, la alternativa más rápida es que acudas a locales Hiper Lider con el producto y boleta🤝.

Tipo de entrega Pickup: Para este tipo de compra la única opción que debemos indicar al cliente es < Realizar la entrega del producto en locales Hiper Lider >. *(Debes continuar la atención con las indicaciones detallados en la opción A)*.

Tipo de entrega HD:

CASO 1:

-Producto Parcel: (Producto pequeño, fácil de transportar y que se envíe por mensajería) y cuyo valor sea igual o menor a $125.000 a excepción de productos frágiles:
Para este tipo de productos, puedes elegir entre las 3 opciones disponibles para devolver el mismo👉: Realizar la entrega del producto en locales Hiper Lider, devolver el producto en Puntos BlueExpress COPEC, o solicitar el retiro en domicilio🚚. *(Debes continuar la atención con las indicaciones detalladas según la opción elegida por el cliente A, B o C)*.
 
CASO 2:
 
-Producto Parcel: (Producto pequeño, fácil de transportar y que se envíe por mensajería) y cuyo valor sea mayor a $125.000 incluyendo productos frágiles:
Para este tipo de productos, puedes elegir entre las 2 opciones disponibles para devolver el mismo👉: Realizar la entrega del producto en locales Hiper Lider o solicitar el retiro en domicilio🚚. *(Debes continuar la atención con las indicaciones detalladas según la opción elegida por el cliente A o C)*.
 
CASO 3:
 
-Producto BIG: Camas, colchones, refrigeradores, cocinas y lavadoras: Para este tipo de producto la única opción que debemos indicar al cliente es <Retiro en domicilio para su posterior devolución de dinero>. *(Debes continuar la atención con las indicaciones detallados en la opción C)*.

Opción elegida por el cliente:

A.- realizar entrega de producto en locales Hiper Lider:
Te comento que, de acuerdo con tu solicitud, puedes acercarte a cualquiera de nuestras tiendas HIPER LIDER y entregar el producto en el área de Servicio al Cliente☝️.  
Una vez realizada la entrega, se generará automáticamente la devolución del dinero al mismo medio de pago utilizado en tu compra🛍️. En la tienda se te entregará un comprobante con los detalles de la devolución🤝.

Indicación para el ejecutivo: Debes crear SÓLO el caso con la casuística de garantía legal correctamente identificada. Recuerda seleccionar correctamente la resolución elegida por el cliente “Cliente derivado a local”.
 
B.-Devolución en Puntos BlueExpress COPEC:

Te comento que, voy a registrar el caso para que el área especializada se comunique contigo dentro de los próximos 3 días🗓️. Una vez te contacten, recibirás un correo con la etiqueta y las instrucciones para embalar el producto correctamente. Con el producto ya embalado según las indicaciones, podrás llevarlo a cualquier Punto BlueExpress COPEC habilitado para completar la devolución. Te recomiendo entregarlo directamente en el mesón del punto BlueExpress COPEC🤝.

Indicación para el ejecutivo: si cliente solicita apoyo con la dirección del punto copec más cercano a su domicilio. Debes validar la información en el link: https://www.blue.cl/personas/puntos-de-entrega, completar los datos necesarios y filtrando en el campo “tipos de punto” eligiendo la opción: Puntos BlueExpress COPEC. Podrás obtener la respuesta para el cliente y entregar la dirección.

Te comento que, el plazo máximo para entregar el producto es de 3 días desde la emisión de la etiqueta☝️. Si se excede este tiempo, deberás volver a contactarnos🙌.

Indicación para el ejecutivo: Debes crear SÓLO el caso con la siguiente casuística ""Solicitud de retiro de producto - No alimentario (170020)”. Recuerda seleccionar correctamente la resolución elegida por el cliente “Devolver en Punto BlueExpress”. Dirígete al final del Script para revisar todo el detalle necesario que requiere este caso.
 
C.-Retiro a domicilio:

Te comento que, de acuerdo con tu solicitud, voy a verificar en nuestro sistema una posible fecha de retiro🗓️. (Revisar Excel de coberturas Marketplace).
De acuerdo con la información que me entrega nuestro sistema, La fecha de retiro será el día👉 XX-XX-XXXX.  
Para que se ejecute el retiro, es necesario que me otorgues la siguiente información👇:

Indicación para el ejecutivo: Debes crear SÓLO el caso con la siguiente casuística ""Solicitud de retiro de producto - No alimentario (170020)"". Recuerda seleccionar correctamente la resolución elegida por el cliente “reagendamiento de retiro”. Dirígete al final del Script para revisar todo el detalle necesario que requiere este caso.

IMPORTANTE:

**Detalle necesario que requiere el caso**:

•Descripción del caso debe comenzar con el encabezado: “Retiro en domicilio para Devolución de Dinero” o “Devolución en Puntos BlueExpress COPEC” según la opción elegida por el cliente.

•Número del Sg a Retirar:

•Descripción del producto: Tal como indica “HOLA” indica ítem Ejem 1234 Refrigerador.

•Cantidad de Unidades a Retirar:

•Precio del producto:

•Estado del producto: ""Sin daño, Daño menor, Daño grave, Daño irreparable"" y

adicional indica detalles del daño en caso de tenerlo como (abollado, rallado, quebrado).

•Estado del Embalaje: ""Embalado cliente""/""Nuevo y Sellado""/""Embalaje con daños"".

Siempre indicar a cliente que debe estar embalado.

•Cantidad de Bultos: Bultos/Paquetes en los que el cliente entregará el producto.

•Tipo de producto: BIG o Parcel, según corresponda.""",1
c159,159,Producto,Garantía legal,"Cliente reclama que recibió el pedido pero este venía vacio o incompleto, sin el producto en su interior u otro elemento en su reemplazo",Reclamo,Producto no venía  Caja vacía (1551211),1551211,Producto no venía / Caja vacía,"Crear un caso en HOLA

*Si el monto de compra es menor a $1.000 se devolverá como pesos Mi club (excepto pagos con T Lider).

*Alerta “En caso de Garantía Legal o de Satisfacción, debes derivar a este cliente a tienda para que pueda ejercer la garantía con el producto físico y el documento que acredite la entrega” sobre la información personal del cliente. Crear caso y en la “Resolución elegida por el cliente” seleccionar “Cliente derivado a local” e indicar al cliente que debe ir a local.","SOD

a) Monto a devolver es MAYOR a $15.000:*

Indicación para el ejecutivo: Debes crear caso según la causa de Garantía Legal indicando el detalle del problema del cliente en la descripción, adjuntando la fotografía de evidencia en el caso WhatsApp (la fotografía no es obligatoria para hacer valer la garantia, pero si debe solicitarse y adjuntarse si el cliente la envia como evidencia) y selecciona como resolución “cliente derivado a local"":

Te comento que para gestionar tu caso, debes dirigirte al local más cercano con el producto y la boleta o cualquier documento que acredite la compra🛒. De todas maneras, dejaré un registro de lo que me indicaste durante esta atención. Me podrías por favor facilitar fotos del producto para adjuntarlo  como evidencia en el caso🙌.

b) Monto a devolver es MENOR o igual a $15.000*
 
Indicación  para el ejecutivo: En ese caso debes realizar la cancelación de el/los productos(s) en Excalibur. Apóyate con el siguiente documento (Anulado parcial en primer contacto -SOD)
 
¿Te permitió cancelar los productos en Excalibur?

*NO se pudo cancelar en Excalibur el/los productos que el cliente reclamó:

Indicación para el ejecutivo: Deberás crear el caso según el requerimiento del cliente, en la descripción deberás agregar la siguiente glosa “Error en cancelar” seguido de lo mencionado por el cliente,y adjuntando la fotografía de evidencia. Adicionalmente en la “Resolución elegida por el cliente” deberás seleccionar “Devolución de dinero”:

Te comento que debo registrar este caso para poder gestionar la devolución de tu dinero, la cual se podrá ver reflejada dentro del día o un plazo máximo de 7 días hábiles🤝. Por favor, ¿me podrías facilitar fotos del producto para adjuntarlo como evidencia en el caso?💻.

Indicación para el ejecutivo: la fotografía no es obligatoria para hacer valer la garantia, pero si debe solicitarse y adjuntarse si el cliente la envia como evidencia.

Se pudo cancelar en Excalibur el/los productos que el cliente reclamo (ANULACIÓN PARCIAL EN PRIMER CONTACTO):

Indicación para el ejecutivo: Una vez que se haya generado la anulación deberás generar la captura de la cancelación de Excalibur, posteriormente debes crear caso con la resolución “Anulado en primer contacto” y deberás adjuntar la captura de la cancelación realizada, adjuntando la fotografía de evidencia en el caso:

Te comento que realizaré la anulación de los productos que me indicaste del pedido con número XXXX. El monto a devolver es de $XXXX y la devolución de tu dinero se podrá ver reflejada dentro del día o un plazo máximo de 7 días hábiles🤝. Por favor, ¿me podrías facilitar fotos del producto para adjuntarlo  como evidencia en el caso?💻.

Indicación para el ejecutivo: la fotografía no es obligatoria para hacer valer la garantia, pero si debe solicitarse y adjuntarse si el cliente la envia como evidencia.

Indicación para el ejecutivo: Debes validar si ya existe algún caso creado asociado a la orden de compra del cliente y una compensación solicitada. De no tener ningún caso de compensación, debes entregar la siguiente información al cliente:

Adicionalmente, solicitaré que pueda realizarse un abono excepcional en Pesos Mi Club para mejorar tu experiencia🙌, el que se hará efectivo en el transcurso de los próximos 5 días. Esto está sujeto a que no tengas otro abono anterior por la misma compra🤝.
 
**SÓLO Alerta en HOLA para garantías SOD/CATEX/MKTP **

Pickup/ Home Delivery:

Te comento que para poder gestionar tu requerimiento, debes dirigirte al local más cercano con la boleta que acredite la compra🛒. De todas maneras, te informo que registraré este caso acerca de lo que solicitaste durante esta atención. Por favor, ¿me podrías facilitar fotos del producto para adjuntarlo como evidencia del caso?🙌.

Indicación para el ejecutivo: la fotografía no es obligatoria para hacer valer la garantia, pero si debe solicitarse y adjuntarse si el cliente la envia como evidencia .

Indicación para el ejecutivo: Ingresar caso con resolución ""cliente derivado a local"".

CATEX (HD y Pickup)

1. Monto menor o igual a 15.000 (aplica KIP):

Para poder realizar la devolución de tu dinero, registraré en nuestro sistema tu solicitud. tu caso será gestionado dentro de los próximos 3 días hábiles🤝. Por favor, ¿me podrías facilitar fotos del producto para adjuntarlo  como evidencia en el caso?💻.

Indicación para el ejecutivo: la fotografía no es obligatoria para hacer valer la garantia, pero si debe solicitarse y adjuntarse si el cliente la envia como evidencia.

Indiación para el ejecutivo: Debes crear caso según la causa de Garantía Legal indicando el detalle del problema del cliente en la descripción, adjuntando la fotografía de evidencia en el caso y selecciona como resolución ""devolución de dinero"".

2. Monto mayor a 15.000 (no aplica KIP)

Indicación para el ejecutivo: Debes consultar al cliente si desea el Cambio de producto o la Devolución del dinero.

(respuesta cliente)

2.1 Si el cliente quiere cambio de producto

Indicación para el ejecutivo: Debes crear caso según la causa de Garantía Legal indicando el detalle del problema del cliente en la descripción, adjuntando la fotografía de evidencia en el caso  y selecciona como resolución ""Cambiar producto"".

Indicación para el ejecutivo: la fotografía no es obligatoria para hacer valer la garantia, pero si debe solicitarse y adjuntarse si el cliente la envia como evidencia.

2.2 Si el cliente quiere devolución de dinero:

Te informo que para proceder con la devolución de tu dinero, tienes dos opciones👉: Puedes dirigirte a la tienda con la boleta o agendar el correspondiente retiro. Por favor, ¿me podrías indicar qué opción prefieres?🙌.

(respuesta del cliente)

a) Cliente prefiere dirigirse a tienda:
Entiendo, en ese caso debes dirigirte al local más cercano con el producto y la boleta para que puedan realizar la gestión correspondiente. De todas maneras, te informo que registraré este caso acerca de lo que solicitaste durante esta atención💻. Por favor, ¿me podrías facilitar fotos del producto para adjuntarlo como evidencia en el caso?🤝.

Indicación para el ejecutivo: la fotografía no es obligatoria para hacer valer la garantia, pero si debe solicitarse y adjuntarse si el cliente la envia como evidencia.

Indicación para el ejecutivo: Debes crear caso según la causa de Garantía Legal indicando el detalle del problema del cliente en la descripción, adjuntando la fotografía de evidencia en el caso WhatsApp y selecciona como resolución ""Cliente derivado a local"".

b) Cliente prefiere retiro del producto:

Te comento que debo registrar este caso para que el área especializada se comunique contigo y adicionalmente pueda revisar en detalle la información asociada a la entrega de tu pedido. El plazo de resolución es de 7 días🤝. Por favor, ¿me podrías facilitar fotos del producto para adjuntarlo  como evidencia en el caso?💻.

Indicación para el ejecutivo: la fotografía no es obligatoria para hacer valer la garantia, pero si debe solicitarse y adjuntarse si el cliente la envia como evidencia.

Indicación para el ejecutivo: Debes crear caso según la causa de Garantía Legal indicando el detalle del problema del cliente en la descripción, adjuntando la fotografía de evidencia en el caso y selecciona como resolución ""Devolver dinero (Posterior al retiro de producto)"".

ECOMMERCE (MARKETPLACE)

Indicación para el ejecutivo: Si cliente manifiesta que desea la devolución del producto por cualquier causa de garantía (de Satisfacción/Legal) en productos vendidos por Marketplace y Marketplace Internacional, debes inicialmente identificar qué producto es, posteriormente validar tipo de entrega:

Indicación para el ejecutivo: *Debes validar la fecha de compra, cuidando los plazos de garantía*:

Revisé tu compra y el producto está próximo a vencer su garantía☝️ (de Satisfacción/Legal). Para poder ayudarte a tiempo, la alternativa más rápida es que acudas a locales Hiper Lider con el producto y boleta🤝.

Tipo de entrega Pickup: Para este tipo de compra la única opción que debemos indicar al cliente es < Realizar la entrega del producto en locales Hiper Lider >. *(Debes continuar la atención con las indicaciones detallados en la opción A)*.

Tipo de entrega HD:

CASO 1:

-Producto Parcel: (Producto pequeño, fácil de transportar y que se envíe por mensajería) y cuyo valor sea igual o menor a $125.000 a excepción de productos frágiles:
Para este tipo de productos, puedes elegir entre las 3 opciones disponibles para devolver el mismo👉: Realizar la entrega del producto en locales Hiper Lider, devolver el producto en Puntos BlueExpress COPEC, o solicitar el retiro en domicilio🚚. *(Debes continuar la atención con las indicaciones detalladas según la opción elegida por el cliente A, B o C)*.
 
CASO 2:
 
-Producto Parcel: (Producto pequeño, fácil de transportar y que se envíe por mensajería) y cuyo valor sea mayor a $125.000 incluyendo productos frágiles:
Para este tipo de productos, puedes elegir entre las 2 opciones disponibles para devolver el mismo👉: Realizar la entrega del producto en locales Hiper Lider o solicitar el retiro en domicilio🚚. *(Debes continuar la atención con las indicaciones detalladas según la opción elegida por el cliente A o C)*.
 
CASO 3:
 
-Producto BIG: Camas, colchones, refrigeradores, cocinas y lavadoras: Para este tipo de producto la única opción que debemos indicar al cliente es <Retiro en domicilio para su posterior devolución de dinero>. *(Debes continuar la atención con las indicaciones detallados en la opción C)*.

Opción elegida por el cliente:

A.- realizar entrega de producto en locales Hiper Lider:
Te comento que, de acuerdo con tu solicitud, puedes acercarte a cualquiera de nuestras tiendas HIPER LIDER y entregar el producto en el área de Servicio al Cliente☝️.  
Una vez realizada la entrega, se generará automáticamente la devolución del dinero al mismo medio de pago utilizado en tu compra🛍️. En la tienda se te entregará un comprobante con los detalles de la devolución🤝.

Indicación para el ejecutivo: Debes crear SÓLO el caso con la casuística de garantía legal correctamente identificada. Recuerda seleccionar correctamente la resolución elegida por el cliente “Cliente derivado a local”.
 
B.-Devolución en Puntos BlueExpress COPEC:

Te comento que, voy a registrar el caso para que el área especializada se comunique contigo dentro de los próximos 3 días🗓️. Una vez te contacten, recibirás un correo con la etiqueta y las instrucciones para embalar el producto correctamente. Con el producto ya embalado según las indicaciones, podrás llevarlo a cualquier Punto BlueExpress COPEC habilitado para completar la devolución. Te recomiendo entregarlo directamente en el mesón del punto BlueExpress COPEC🤝.

Indicación para el ejecutivo: si cliente solicita apoyo con la dirección del punto copec más cercano a su domicilio. Debes validar la información en el link: https://www.blue.cl/personas/puntos-de-entrega, completar los datos necesarios y filtrando en el campo “tipos de punto” eligiendo la opción: Puntos BlueExpress COPEC. Podrás obtener la respuesta para el cliente y entregar la dirección.

Te comento que, el plazo máximo para entregar el producto es de 3 días desde la emisión de la etiqueta☝️. Si se excede este tiempo, deberás volver a contactarnos🙌.

Indicación para el ejecutivo: Debes crear SÓLO el caso con la siguiente casuística ""Solicitud de retiro de producto - No alimentario (170020)”. Recuerda seleccionar correctamente la resolución elegida por el cliente “Devolver en Punto BlueExpress”. Dirígete al final del Script para revisar todo el detalle necesario que requiere este caso.
 
C.-Retiro a domicilio:

Te comento que, de acuerdo con tu solicitud, voy a verificar en nuestro sistema una posible fecha de retiro🗓️. (Revisar Excel de coberturas Marketplace).
De acuerdo con la información que me entrega nuestro sistema, La fecha de retiro será el día👉 XX-XX-XXXX.  
Para que se ejecute el retiro, es necesario que me otorgues la siguiente información👇:

Indicación para el ejecutivo: Debes crear SÓLO el caso con la siguiente casuística ""Solicitud de retiro de producto - No alimentario (170020)"". Recuerda seleccionar correctamente la resolución elegida por el cliente “reagendamiento de retiro”. Dirígete al final del Script para revisar todo el detalle necesario que requiere este caso.

IMPORTANTE:

**Detalle necesario que requiere el caso**:

•Descripción del caso debe comenzar con el encabezado: “Retiro en domicilio para Devolución de Dinero” o “Devolución en Puntos BlueExpress COPEC” según la opción elegida por el cliente.

•Número del Sg a Retirar:

•Descripción del producto: Tal como indica “HOLA” indica ítem Ejem 1234 Refrigerador.

•Cantidad de Unidades a Retirar:

•Precio del producto:

•Estado del producto: ""Sin daño, Daño menor, Daño grave, Daño irreparable"" y

adicional indica detalles del daño en caso de tenerlo como (abollado, rallado, quebrado).

•Estado del Embalaje: ""Embalado cliente""/""Nuevo y Sellado""/""Embalaje con daños"".

Siempre indicar a cliente que debe estar embalado.

•Cantidad de Bultos: Bultos/Paquetes en los que el cliente entregará el producto.

•Tipo de producto: BIG o Parcel, según corresponda.""",1
c160,160,"Publicidad, campañas y promociones",Promociones,Cliente reclama que el producto está publicado o exhibido sin precio o fleje,Reclamo,Producto sin precio (600414),600414,Producto sin precio,Crear un caso en HOLA,"Gracias por tu comentario, esta información nos ayuda a mejorar la experiencia. ¿Me podrías indicar si esta situación corresponde a un producto en el local o en sitio web?☝️
	
(respuesta cliente)

Indicación para el ejecutivo: Ingresar en descripción lo que indica cliente

La información será enviada al área de operaciones, con el fin de que puedan detectar oportunidades de mejora🤝.",0
c161,161,Producto,Garantía legal,"Cliente reclama que recibió un producto (no alimentario) con daños 'estéticos' (está roto, abierto, abollado, aplastado, etc.)",Reclamo,,155125,Producto con daño físico,"Crear un caso en HOLA

*Alerta “En caso de Garantía Legal o de Satisfacción, debes derivar a este cliente a tienda para que pueda ejercer la garantía con el producto físico y el documento que acredite la entrega” sobre la información personal del cliente. Crear caso y en la “Resolución elegida por el cliente” seleccionar “Cliente derivado a local” e indicar al cliente que debe ir a local.","SOD

a) Monto a devolver es MAYOR a $15.000:*

Indicación para el ejecutivo: Debes crear caso según la causa de Garantía Legal indicando el detalle del problema del cliente en la descripción, adjuntando la fotografía de evidencia en el caso WhatsApp (la fotografía no es obligatoria para hacer valer la garantia, pero si debe solicitarse y adjuntarse si el cliente la envia como evidencia) y selecciona como resolución “cliente derivado a local"":

Te comento que para gestionar tu caso, debes dirigirte al local más cercano con el producto y la boleta o cualquier documento que acredite la compra🛒. De todas maneras, dejaré un registro de lo que me indicaste durante esta atención. Me podrías por favor facilitar fotos del producto para adjuntarlo  como evidencia en el caso🙌.

b) Monto a devolver es MENOR o igual a $15.000*
 
Indicación  para el ejecutivo: En ese caso debes realizar la cancelación de el/los productos(s) en Excalibur. Apóyate con el siguiente documento (Anulado parcial en primer contacto -SOD)
 
¿Te permitió cancelar los productos en Excalibur?

*NO se pudo cancelar en Excalibur el/los productos que el cliente reclamó:

Indicación para el ejecutivo: Deberás crear el caso según el requerimiento del cliente, en la descripción deberás agregar la siguiente glosa “Error en cancelar” seguido de lo mencionado por el cliente,y adjuntando la fotografía de evidencia. Adicionalmente en la “Resolución elegida por el cliente” deberás seleccionar “Devolución de dinero”:

Te comento que debo registrar este caso para poder gestionar la devolución de tu dinero, la cual se podrá ver reflejada dentro del día o un plazo máximo de 7 días hábiles🤝. Por favor, ¿me podrías facilitar fotos del producto para adjuntarlo como evidencia en el caso?💻.

Indicación para el ejecutivo: la fotografía no es obligatoria para hacer valer la garantia, pero si debe solicitarse y adjuntarse si el cliente la envia como evidencia.

Se pudo cancelar en Excalibur el/los productos que el cliente reclamo (ANULACIÓN PARCIAL EN PRIMER CONTACTO):

Indicación para el ejecutivo: Una vez que se haya generado la anulación deberás generar la captura de la cancelación de Excalibur, posteriormente debes crear caso con la resolución “Anulado en primer contacto” y deberás adjuntar la captura de la cancelación realizada, adjuntando la fotografía de evidencia en el caso:

Te comento que realizaré la anulación de los productos que me indicaste del pedido con número XXXX. El monto a devolver es de $XXXX y la devolución de tu dinero se podrá ver reflejada dentro del día o un plazo máximo de 7 días hábiles🤝. Por favor, ¿me podrías facilitar fotos del producto para adjuntarlo  como evidencia en el caso?💻.

Indicación para el ejecutivo: la fotografía no es obligatoria para hacer valer la garantia, pero si debe solicitarse y adjuntarse si el cliente la envia como evidencia.

Indicación para el ejecutivo: Debes validar si ya existe algún caso creado asociado a la orden de compra del cliente y una compensación solicitada. De no tener ningún caso de compensación, debes entregar la siguiente información al cliente:

Adicionalmente, solicitaré que pueda realizarse un abono excepcional en Pesos Mi Club para mejorar tu experiencia🙌, el que se hará efectivo en el transcurso de los próximos 5 días. Esto está sujeto a que no tengas otro abono anterior por la misma compra🤝.
 
**SÓLO Alerta en HOLA para garantías SOD/CATEX/MKTP **

Pickup/ Home Delivery:

Te comento que para poder gestionar tu requerimiento, debes dirigirte al local más cercano con la boleta que acredite la compra🛒. De todas maneras, te informo que registraré este caso acerca de lo que solicitaste durante esta atención. Por favor, ¿me podrías facilitar fotos del producto para adjuntarlo como evidencia del caso?🙌.

Indicación para el ejecutivo: la fotografía no es obligatoria para hacer valer la garantia, pero si debe solicitarse y adjuntarse si el cliente la envia como evidencia .

Indicación para el ejecutivo: Ingresar caso con resolución ""cliente derivado a local"".

CATEX (HD y Pickup)

1. Monto menor o igual a 15.000 (aplica KIP):

Para poder realizar la devolución de tu dinero, registraré en nuestro sistema tu solicitud. tu caso será gestionado dentro de los próximos 3 días hábiles🤝. Por favor, ¿me podrías facilitar fotos del producto para adjuntarlo  como evidencia en el caso?💻.

Indicación para el ejecutivo: la fotografía no es obligatoria para hacer valer la garantia, pero si debe solicitarse y adjuntarse si el cliente la envia como evidencia.

Indiación para el ejecutivo: Debes crear caso según la causa de Garantía Legal indicando el detalle del problema del cliente en la descripción, adjuntando la fotografía de evidencia en el caso y selecciona como resolución ""devolución de dinero"".

2. Monto mayor a 15.000 (no aplica KIP)

Indicación para el ejecutivo: Debes consultar al cliente si desea el Cambio de producto o la Devolución del dinero.

(respuesta cliente)

2.1 Si el cliente quiere cambio de producto

Indicación para el ejecutivo: Debes crear caso según la causa de Garantía Legal indicando el detalle del problema del cliente en la descripción, adjuntando la fotografía de evidencia en el caso  y selecciona como resolución ""Cambiar producto"".

Indicación para el ejecutivo: la fotografía no es obligatoria para hacer valer la garantia, pero si debe solicitarse y adjuntarse si el cliente la envia como evidencia.

2.2 Si el cliente quiere devolución de dinero:

Te informo que para proceder con la devolución de tu dinero, tienes dos opciones👉: Puedes dirigirte a la tienda con la boleta o agendar el correspondiente retiro. Por favor, ¿me podrías indicar qué opción prefieres?🙌.

(respuesta del cliente)

a) Cliente prefiere dirigirse a tienda:
Entiendo, en ese caso debes dirigirte al local más cercano con el producto y la boleta para que puedan realizar la gestión correspondiente. De todas maneras, te informo que registraré este caso acerca de lo que solicitaste durante esta atención💻. Por favor, ¿me podrías facilitar fotos del producto para adjuntarlo como evidencia en el caso?🤝.

Indicación para el ejecutivo: la fotografía no es obligatoria para hacer valer la garantia, pero si debe solicitarse y adjuntarse si el cliente la envia como evidencia.

Indicación para el ejecutivo: Debes crear caso según la causa de Garantía Legal indicando el detalle del problema del cliente en la descripción, adjuntando la fotografía de evidencia en el caso WhatsApp y selecciona como resolución ""Cliente derivado a local"".

b) Cliente prefiere retiro del producto:

Te comento que debo registrar este caso para que el área especializada se comunique contigo y adicionalmente pueda revisar en detalle la información asociada a la entrega de tu pedido. El plazo de resolución es de 7 días🤝. Por favor, ¿me podrías facilitar fotos del producto para adjuntarlo  como evidencia en el caso?💻.

Indicación para el ejecutivo: la fotografía no es obligatoria para hacer valer la garantia, pero si debe solicitarse y adjuntarse si el cliente la envia como evidencia.

Indicación para el ejecutivo: Debes crear caso según la causa de Garantía Legal indicando el detalle del problema del cliente en la descripción, adjuntando la fotografía de evidencia en el caso y selecciona como resolución ""Devolver dinero (Posterior al retiro de producto)"".

ECOMMERCE (MARKETPLACE)

Indicación para el ejecutivo: Si cliente manifiesta que desea la devolución del producto por cualquier causa de garantía (de Satisfacción/Legal) en productos vendidos por Marketplace y Marketplace Internacional, debes inicialmente identificar qué producto es, posteriormente validar tipo de entrega:

Indicación para el ejecutivo: *Debes validar la fecha de compra, cuidando los plazos de garantía*:

Revisé tu compra y el producto está próximo a vencer su garantía☝️ (de Satisfacción/Legal). Para poder ayudarte a tiempo, la alternativa más rápida es que acudas a locales Hiper Lider con el producto y boleta🤝.

Tipo de entrega Pickup: Para este tipo de compra la única opción que debemos indicar al cliente es < Realizar la entrega del producto en locales Hiper Lider >. *(Debes continuar la atención con las indicaciones detallados en la opción A)*.

Tipo de entrega HD:

CASO 1:

-Producto Parcel: (Producto pequeño, fácil de transportar y que se envíe por mensajería) y cuyo valor sea igual o menor a $125.000 a excepción de productos frágiles:
Para este tipo de productos, puedes elegir entre las 3 opciones disponibles para devolver el mismo👉: Realizar la entrega del producto en locales Hiper Lider, devolver el producto en Puntos BlueExpress COPEC, o solicitar el retiro en domicilio🚚. *(Debes continuar la atención con las indicaciones detalladas según la opción elegida por el cliente A, B o C)*.
 
CASO 2:
 
-Producto Parcel: (Producto pequeño, fácil de transportar y que se envíe por mensajería) y cuyo valor sea mayor a $125.000 incluyendo productos frágiles:
Para este tipo de productos, puedes elegir entre las 2 opciones disponibles para devolver el mismo👉: Realizar la entrega del producto en locales Hiper Lider o solicitar el retiro en domicilio🚚. *(Debes continuar la atención con las indicaciones detalladas según la opción elegida por el cliente A o C)*.
 
CASO 3:
 
-Producto BIG: Camas, colchones, refrigeradores, cocinas y lavadoras: Para este tipo de producto la única opción que debemos indicar al cliente es <Retiro en domicilio para su posterior devolución de dinero>. *(Debes continuar la atención con las indicaciones detallados en la opción C)*.

Opción elegida por el cliente:

A.- realizar entrega de producto en locales Hiper Lider:
Te comento que, de acuerdo con tu solicitud, puedes acercarte a cualquiera de nuestras tiendas HIPER LIDER y entregar el producto en el área de Servicio al Cliente☝️.  
Una vez realizada la entrega, se generará automáticamente la devolución del dinero al mismo medio de pago utilizado en tu compra🛍️. En la tienda se te entregará un comprobante con los detalles de la devolución🤝.

Indicación para el ejecutivo: Debes crear SÓLO el caso con la casuística de garantía legal correctamente identificada. Recuerda seleccionar correctamente la resolución elegida por el cliente “Cliente derivado a local”.
 
B.-Devolución en Puntos BlueExpress COPEC:

Te comento que, voy a registrar el caso para que el área especializada se comunique contigo dentro de los próximos 3 días🗓️. Una vez te contacten, recibirás un correo con la etiqueta y las instrucciones para embalar el producto correctamente. Con el producto ya embalado según las indicaciones, podrás llevarlo a cualquier Punto BlueExpress COPEC habilitado para completar la devolución. Te recomiendo entregarlo directamente en el mesón del punto BlueExpress COPEC🤝.

Indicación para el ejecutivo: si cliente solicita apoyo con la dirección del punto copec más cercano a su domicilio. Debes validar la información en el link: https://www.blue.cl/personas/puntos-de-entrega, completar los datos necesarios y filtrando en el campo “tipos de punto” eligiendo la opción: Puntos BlueExpress COPEC. Podrás obtener la respuesta para el cliente y entregar la dirección.

Te comento que, el plazo máximo para entregar el producto es de 3 días desde la emisión de la etiqueta☝️. Si se excede este tiempo, deberás volver a contactarnos🙌.

Indicación para el ejecutivo: Debes crear SÓLO el caso con la siguiente casuística ""Solicitud de retiro de producto - No alimentario (170020)”. Recuerda seleccionar correctamente la resolución elegida por el cliente “Devolver en Punto BlueExpress”. Dirígete al final del Script para revisar todo el detalle necesario que requiere este caso.
 
C.-Retiro a domicilio:

Te comento que, de acuerdo con tu solicitud, voy a verificar en nuestro sistema una posible fecha de retiro🗓️. (Revisar Excel de coberturas Marketplace).
De acuerdo con la información que me entrega nuestro sistema, La fecha de retiro será el día👉 XX-XX-XXXX.  
Para que se ejecute el retiro, es necesario que me otorgues la siguiente información👇:

Indicación para el ejecutivo: Debes crear SÓLO el caso con la siguiente casuística ""Solicitud de retiro de producto - No alimentario (170020)"". Recuerda seleccionar correctamente la resolución elegida por el cliente “reagendamiento de retiro”. Dirígete al final del Script para revisar todo el detalle necesario que requiere este caso.

IMPORTANTE:

**Detalle necesario que requiere el caso**:

•Descripción del caso debe comenzar con el encabezado: “Retiro en domicilio para Devolución de Dinero” o “Devolución en Puntos BlueExpress COPEC” según la opción elegida por el cliente.

•Número del Sg a Retirar:

•Descripción del producto: Tal como indica “HOLA” indica ítem Ejem 1234 Refrigerador.

•Cantidad de Unidades a Retirar:

•Precio del producto:

•Estado del producto: ""Sin daño, Daño menor, Daño grave, Daño irreparable"" y

adicional indica detalles del daño en caso de tenerlo como (abollado, rallado, quebrado).

•Estado del Embalaje: ""Embalado cliente""/""Nuevo y Sellado""/""Embalaje con daños"".

Siempre indicar a cliente que debe estar embalado.

•Cantidad de Bultos: Bultos/Paquetes en los que el cliente entregará el producto.

•Tipo de producto: BIG o Parcel, según corresponda.""",1
c163,163,"Publicidad, campañas y promociones",Publicidad,Cliente reclama que no se está respetando alguna campaña/promoción o hay alguna publicación que induce a error o fraude,Reclamo,,700105,Publicidad engañosa (Prensa/Catálogo/RRSS),Crear un caso en HOLA,"Identificación de publicidad engañosa correspondiente a canales oficiales de Walmart sin compra concretada (Local o Web/App):
Comprendo la situación que me describes y te pido disculpas por cualquier inconveniente que hayas experimentado debido a esto. En Walmart Chile valoramos la transparencia y la satisfacción de nuestros clientes, por lo que informaré al área correspondiente para su revisión y mejora💻.

Indicación para el ejecutivo: Consulta al cliente si la publicidad engañosa fue identificada en algún local o web de la compañía y en la descripción del caso debes dejar esta información para poder tomar las acciones correspondientes.

Identificación de compra concretada en sitio fraudulento:

Comprendo la situación que me describes. De acuerdo a la información que me proporcionaste, revisé nuestros registros y no encontré ninguna compra realizada a través de nuestros canales oficiales, por lo que es posible que haya sido víctima de una estafa donde Walmart Chile no tiene ninguna responsabilidad en estos casos.
Te recuerdo que nuestros canales oficiales de compra son www.lider.cl, Lider App y todos nuestros locales físicos a lo largo de Chile. Además, aprovecho de recordarte que nuestra compañía sólo se comunicará contigo a través de medios oficiales. Nunca te solicitaremos pagos adicionales después de una compra ni te pediremos que ingreses a enlaces enviados desde fuentes desconocidas. Por favor, nunca compartas datos personales, información de tarjetas, cuentas, o claves secretas en sitios no confiables, y confirma siempre que las solicitudes provengan de una fuente oficial. por lo que te recomiendo no compartir información personal o financiera en sitios no oficiales y siempre verificar la autenticidad de las plataformas antes de realizar una compra. Ademas en nuestras redes sociales siempre estamos alertando este tipo de situaciones para que estés al tanto.
Como la compra no se realizó directamente con nosotros, no podemos intervenir en la resolución del caso, pero te recomiendo generar una denuncia y contactar a tu banco o la plataforma de pago utilizada.
Queremos aclarar que existen páginas o sitios que imitan nuestra imágen, lo cual ya hemos denunciado ante las autoridades correspondientes para que tomen las medidas necesarias
¿Podrías indicarme algún detalle de cómo realizaste esta compra?, ¿se realizó en algúna págino o red social?🙌

Indicación para el ejecutivo: Consulta al cliente la página de la cual fue fraude y en la descripción del caso debes dejar esta información para poder tomar las acciones correspondientes.",0
c164,164,"Pagos, tarjetas y reembolsos",Tarjetas de regalo,Cliente solicita que la tarjeta de regalo pueda ser reactivada para su uso,Solicitud,Reactivación tarjeta de regalo (500505),500505,Reactivación tarjeta de regalo,Crear un caso en HOLA,"Te informo que para gestiones relacionadas a Tarjeta de Regalo debes comunicarte directamente con el Call Center de Gift Card al número 📲600 600 8282 o bien, contactar a uno de estos correos👉: tarjetaempresas@2call.cl / giftcard@2call.cl.

Indicación para el ejecutivo: Si el cliente realizo una compra de PMC a través de alianza (por ejemplo: LATAM), utilizar causa <Compra no acumuló Pesos Mi Club>",0
c165,165,"Publicidad, campañas y promociones",Concursos,Cliente reclama que uno de los concursos realizado por Walmart genera dudas en los resultados o procedimiento con que se lleva a cabo,Reclamo,Reclamo por concurso engañoso poco transparente (700204),700204,Reclamo por concurso engañoso-poco transparente,Crear un caso en HOLA,"Agradezco tu comentario ya que esta información nos ayuda a mejorar la experiencia. La información será enviada al área de operaciones, con el fin de que puedan detectar oportunidades de mejoras🤝.",0
c166,166,"Despacho, entrega y estado del pedido",Problemas con la entrega,Cliente reclama por Apps de Delivery (diferente a Lider.cl o App Lider),Reclamo,Reclamos generales aplicación última milla (1100003),1100003,Reclamos Generales aplicación última milla,Crear un caso en HOLA,Te informo que en Lider nos preocupamos por nuestros clientes. Por lo que informaré al area correspondiente de la tienda para solucionarlo a la brevedad🤝.,0
c170,170,Funcionamiento y Entorno de Local/CD,comunidad,Cliente reclama por alto volumen al interior o alrededor del local,Reclamo,,200009,Contaminación Acústica o ruidos molestos,Crear un caso en HOLA,Te comento que en Lider nos preocupamos por nuestros clientes. Informaré al área correspondiente de la tienda para solucionarlo a la brevedad🤝.,0
c172,172,Sitios web y apps Walmart,Mi Cuenta,Cliente denuncia que la web o app no permite autogestión para actualizar algún dato desde la sección Mi cuenta,Reclamo,,1000101,Web/App no permite actualizar datos de Mi Cuenta,"Crear un caso en HOLA 

Escribir en la descripción, el nombre de la página web junto con lo que indica el cliente.","Te informo que para poder ingresar el detalle del caso, es necesario que por favor me indiques exactamente, ¿en cuál sitio web estás ingresando o si estás desde la aplicación?🤔.

Indicación para el ejecutivo: Escribir en la descripción del caso el sitio junto con lo que indica el cliente

Si cliente quiere modificar datos como: direcciones, medios de pago, etc:

Indicación para el ejecutivo:

dirigirse a script de causa <Orientacion en uso de app/web>

Si cliente quiere modificar su correo:

Indicación para el ejecutivo: Dirigirse a preguntas de seguridad de <Procedimiento para validar y modificar datos del cliente> (12P4) para modificar correo*

Si correo aparece como utilizado en otra cuenta/error y cliente responde correctamente las preguntas de seguridad:

Te comento que he registrado tu caso bajo el N° XXXX, el cual será gestionado en un plazo máximo de 5 días🤝.",0
c174,174,"Publicidad, campañas y promociones",Promociones,Cliente reclama que los precios en tienda difieren de los precios en la página web,Reclamo,,1000604,Web/App con precios diferentes a local,Crear un caso en HOLA,"Agradezco tu comentario ya que esta información nos ayuda a mejorar la experiencia. La información será enviada al área de operaciones, con el fin de que puedan detectar oportunidades de mejoras🤝.",0
c174,174,Producto,Información y disponibilidad de productos,Cliente reclama que en la sala se encuentran productos a la venta que se encuentran vencidos,Reclamo,,600103,Stock de productos vencidos/por vencer en sala - sin compra,Crear un caso en HOLA,"Agradezco tu comentario ya que esta información nos ayuda a mejorar la experiencia. La información será enviada al área de operaciones, con el fin de que puedan detectar oportunidades de mejoras🤝.",0
c176,176,"Pagos, tarjetas y reembolsos",Tarjetas de regalo,Cliente reclama que desconoce cobro en su tarjeta de regalo,Reclamo,,500010,Tarjeta de regalo con cobro no reconocido por cliente,Crear un caso en HOLA,"Te informo que para poder revisar tu caso debes indicarme tu número de giftcard, nombre de empresa, local y Rut para gestionar tu requerimiento. El plazo de resolución es de 5 días🤝.

Indicación para el ejecutivo: Si el cliente realizo una compra de PMC a través de alianza (por ejemplo: LATAM), dirigirse a script causa <Compra no acumuló Pesos Mi Club>",0
c177,177,"Pagos, tarjetas y reembolsos",Tarjetas de regalo,"Cliente reclama que la tarjeta de regalo, a pesar de tener saldo, no funciona",Reclamo,Tarjeta de regalo no se puede utilizar y tiene saldo (500506),500506,Tarjeta de regalo no se puede utilizar y tiene saldo,Crear un caso en HOLA,"Te informo que para poder revisar tu caso debes indicarme tu número de giftcard, nombre de empresa, local y Rut para gestionar tu requerimiento. El plazo de resolución es de 5 días🤝.

Indicación para el ejecutivo: Si el cliente realizo una compra de PMC a través de alianza (por ejemplo: LATAM), dirigirse a script causa <Compra no acumuló Pesos Mi Club>",0
c178,178,"Pagos, tarjetas y reembolsos",Tarjetas de regalo,"Cuando el cliente se comunique para reclamar porque su tarjeta de regalo se extravió y robo, esto producirá que su tarjeta sea bloqueada más no se reintegrara el producto.",Solicitud,Tarjeta de regalo robada extraviada (500507),500507,Tarjeta de regalo robada-extraviada,Crear un caso en HOLA,"Te informo que para gestiones relacionadas a Tarjeta de Regalo debes comunicarte directamente con el Call Center de Gift Card al número 📲600 600 8282 o bien, contactar a uno de estos correos👉: tarjetaempresas@2call.cl / giftcard@2call.cl.",0
c181,181,Mi Club,Canje de Pesos Mi Club,Cliente reclama desconocer el canje realizado con PMC de su cuenta,Reclamo,Titular desconoce canje de pesos Mi Club (1300105),1300105,Titular desconoce canje de pesos Mi Club,Crear un caso en HOLA,"Comprendo🙌. En este caso, es necesario registrar tu solicitud para que el área especializada se comunique contigo y pueda solicitar los antecedentes necesarios para realizar la gestión correspondiente, como por ejemplo una fotografía de tu carnet de identidad. El plazo de resolución es de hasta 3 días hábiles🤝.
No obstante, en caso de no recibir la información faltante dentro de un plazo de 24 horas, el área encargada procederá a desestimar el caso.",0
c183,183,"Despacho, entrega y estado del pedido",Problemas con la entrega,Cliente reclama que no se le permitió revisar el producto antes de firmar el recibo de entrega,Reclamo,,800414,Transportista no permite revisar el producto antes de firmar la entrega,Crear un caso en HOLA,Te informo que en Lider nos preocupamos por nuestros clientes. Ingresaré un caso para dejar constancia de lo ocurrido💻.,0
c186,186,Sitios web y apps Walmart,Navegación del sitio,Cliente denuncia que la web o app está con problemas de lentitud o no carga,Reclamo,,1000603,Problemas con funcionamiento Web/App,"Crear un caso en HOLA 

Escribir en la descripción, el nombre de la página web junto con lo que indica el cliente.","Entiendo lo que me comentas. Para poder gestionar tu caso, es necesario que por favor me indiques, ¿en qué sitio estás intentando ingresar y desde que navegador?🤔.

(Respuesta cliente)

1. Lider App:
Te comento que informaré al área correspondiente para solucionarlo a la brevedad🤝. 

2. Lider.cl:
Me indicas por favor, ¿fue en la sección de “Supermercado” o “Mundo Lider”?🧐

a. Si el cliente responde “Supermercado”:
Te comento que informaré al área correspondiente para solucionarlo a la brevedad🤝.

Indicación para el ejecutivo: Escribir en la descripción “SOD” junto con lo que indica el cliente 

b. Si el cliente responde “Mundo Lider”:

Te comento que informaré al área correspondiente para solucionarlo a la brevedad🤝.

Indicación para el ejecutivo: Escribir en la descripción “CATEX” junto con lo que indica el cliente

Te comento que en Lider nos preocupamos por nuestros clientes. Informaré al área correspondiente para solucionarlo a la brevedad🤝.

Problemas con carrito:

1. Liderapp/ Carrito listo

a. Cliente indica que tiene problemas para cargar su carrito listo:
Entiendo lo que me comentas y te pido disculpas por no poder cargar tu carrito de compras. Es posible que sea un problema temporal. Por favor, ¿puedes presionar ""Reintentar"" para volver a cargarlo?☝️. 

(Respuesta cliente)

a.1) Cliente indica que ha intentado nuevamente cargar su carrito listo y el error persiste:
Comprendo el  problema que tienes con la carga de tu carrito, y te pido disculpas por el inconveniente.  En la aplicación se puede visualizar un botón que indica ""Ir al inicio"", el cual es necesario que lo selecciones para poder volver a continuar con tus compras. Si el problema persiste, podrías intentar acceder nuevamente después de un tiempo. De todas formas, te comento que dejaré registro de esta interaccion. Agradezco tu paciencia y comprensión💻.

a.2) Cliente indica que si pudo cargar su carrito listo:
Me alegra saber que pudiste cargar tu carrito con éxito. De todas formas, te comento que dejaré registro de esta interacción como respaldo de lo que me indicaste. Agradezco tu paciencia y comprensión💻.

b. Cliente indica que ha tenido problemas con el stock de sus compras:
Comprendo el inconveniente que estás experimentando con el stock de tu compra. En ocasiones, un artículo puede agotarse mientras está en su carrito. En la aplicación se puede visualizar un botón que indica ""Ir al inicio"" el cual es necesario que lo selecciones en caso de que quieras agregar otros productos a tu carrito. De todas maneras, te comento que dejaré registro de esta interaccion. Agradezco tu paciencia y comprensión💻.",0
c190,190,Sitios web y apps Walmart,Navegación del sitio,Cliente reporta que en la web aparecen productos pero están agotados,Reclamo,Web App - Productos aparecen agotados (1000606),1000606,Web/ App - Productos aparecen agotados,"Crear un caso en HOLA 

Escribir en la descripción, el nombre de la página web junto con lo que indica el cliente.","Entiendo lo que me comentas. Para poder gestionar tu caso, es necesario que por favor me indiques, ¿en qué sitio estás intentando ingresar? ¡Cuál es el producto que aparece agotado?🤔

(Respuesta cliente)

Indicación para el ejecutivo: Dejar en la descripción del caso sitio donde el cliente está buscando el producto y producto que aparece agotado:

Nuestros equipos trabajan diariamente para poder contar con la mayor variedad de productos posible. Ingresaré un caso para que nuestros equipos estén al tanto de lo que nos comentas💻.",0
c191,191,"Publicidad, campañas y promociones",Publicidad,Cliente solicita desactivar las notificaciones (carrito listo) o correos promocionales de walmart,Solicitud,,123095,Solicitud para desactivar notificaciones/correos promocionales,,"1. Cliente solicita de dar de baja notificaciones de “Carrito listo”:
Te informo que para proceder con tu solicitud para dar de baja notificaciones de Carrito listo, se creará un caso para tu gestión. El plazo de resolución es de 5 días🤝.

Indicación para el ejecutivo:

Crear caso en HOLA con resolución <Desactivar notificaciones/email>.
Dejar en la descripción del caso glosa indicando: <Carrito listo>

2. Cliente no quiere recibir más notificaciones desde la App:
Te informo que si ya no quieres recibir notificaciones desde la LiderApp en tu dispositivo movil, te recomiendo desactivarlas desde la configuración de tu teléfono en la opcion ""notificaciones""☝️.

Indicación para el ejecutivo:

Crear caso en HOLA con resolución <Orientación entregada en el contacto>.

3. Si quiere desactivar notificaciones recibidas via email:
Me podrías indicar si ya intentaste darte de baja desde los correos promocionales con el botón ""Para anular su suscripción, haga clic aquí""🤔

Si cliente intentó y sigue recibiendo comunicación:

Indicación para el ejecutivo: ingresar caso con resolución <Desactivar notificaciones/email>

Si cliente desea intentar en el contacto:

Deberás abrir uno de los correos publicitarios, pinchar en el enlace que está en la zona inferior ""Para anular su suscripción, haga clic aquí"" y te redirigirá a una página donde debes seleccionar qué publicidad quieres dejar de recibir (Mundo Lider, Informativos, Relacionales, Supermercado)

Si cliente logra darse de baja en contacto:

Indicación para el ejecutivo: Ingresar caso con resolución <Orientación entregada en el contacto>.

Si cliente no logra darse de baja en contacto:

Indicación para el ejecutivo: Ingresar caso de <solicitud para desactivar notificaciones/correos promocionales> con resolución <Desactivar notificaciones/email>:

Te informo que fue ingresado el caso para su gestión. El plazo de resolución es de 5 días🤝.",0
c192,192,Atención a clientes,Personal Walmart,Dejar constancia que personal SAC se contacta por orientación de procedimientos que debiese conocer (sin intervención del cliente),Consulta,NUEVO,NUEVO,Consulta desde local por orientación en atención,NUEVO,"Indicación para el ejecutivo: Este caso corresponde a consultas internas realizadas por personal del local sobre procedimientos que ya debiesen conocer. No se brinda respuesta al cliente, pero si a la consulta realizada y se registra como constancia. Incluir local desde donde se realiza la consulta y en la descripción agregar detalle de la consulta",0
c193,193,"Despacho, entrega y estado del pedido",Problemas con la entrega,Cliente denuncia haber recibido un pedido/producto que es de otra persona,Reclamo,NUEVO,NUEVO,Pedido entregado a cliente incorrecto (Pedido cruzado),NUEVO,"Comprendo lo que me comentas. Te informo que procederé a registrar tu caso. Te recomiendo tomar fotografías del pedido recibido como evidencia, lo que ayudará a agilizar la revisión del caso🙌.

Este caso será derivado al área encargada, y el tiempo estimado de resolución es de 5 días hábiles🤝.",0
c194,194,Atención a clientes,Personal Walmart,Cliente consulta acerca dencómo postular a un trabajo en walmart o vender productos dentro de los locales/web,Consulta,NUEVO,NUEVO,Consulta sobre cómo trabajar/vender en Walmart,NUEVO,"Consulta por trabajo:

Te comento que para postular a un trabajo en Walmart debes ingresar a nuestro portal oficial de empleos👉: https://postulawalmartchile.cl/.

Si consulta para ser proveedor (Ofrecer sus productos en nuestros supermercados):
Te comento que debes ingresar a 👉 https://www.walmartchile.cl/ sección ""proveedores"" donde encontrarás la información y pasos a seguir.

Consulta para vender con nosotros (Marketplace):
Te comento que debes ingresar a 👉 https://marketplace.walmart.cl/s/, donde encontrarás la información y pasos a seguir.",0